Genus,3G.01,3G.13,3N.10,3T.08,3T.20,3T.32,3G.02,3G.14,3N.11,3T.09,3T.21,3T.33,3T.44,3G.03,3G.15,3N.12,3T.10,3T.22,3T.34,3G.04,3N.01,3N.13,3T.11,3T.23,3T.35,3G.05,3N.02,3N.14,3T.12,3T.24,3T.36,3G.06,3N.03,3T.01,3T.13,3T.25,3T.37,3G.07,3N.04,3T.02,3T.14,3T.26,3T.38,3G.08,3N.05,3T.03,3T.15,3T.27,3T.39,3G.09,3N.06,3T.04,3T.16,3T.28,3T.40,3G.10,3N.07,3T.05,3T.17,3T.29,3T.41,3G.11,3N.08,3T.06,3T.18,3T.30,3T.42,3G.12,3N.09,3T.07,3T.19,3T.31,3T.43,2G.01,2G.13,2N.10,2T.08,2T.20,2T.32,1G.01,1G.13,1N.10,1T.08,1T.20,1T.32,2G.02,2G.14,2N.11,2T.09,2T.21,2T.33,2T.44,1G.02,1G.14,1N.11,1T.09,1T.21,1T.33,1T.44,2G.03,2G.15,2N.12,2T.10,2T.22,2T.34,1G.03,1G.15,1N.12,1T.10,1T.22,1T.34,2G.04,2N.01,2N.13,2T.11,2T.23,2T.35,1G.04,1N.01,1N.13,1T.11,1T.23,1T.35,2G.05,2N.02,2N.14,2T.12,2T.24,2T.36,1G.05,1N.02,1N.14,1T.12,1T.24,1T.36,2N.03,2T.01,2T.13,2T.25,2T.37,1G.06,1N.03,1T.01,1T.13,1T.25,1T.37,2G.07,2N.04,2T.02,2T.14,2T.26,2T.38,1G.07,1N.04,1T.02,1T.14,1T.26,1T.38,2G.08,2N.05,2T.03,2T.15,2T.27,2T.39,1G.08,1N.05,1T.03,1T.15,1T.27,1T.39,2G.09,2N.06,2T.04,2T.16,2T.28,1G.09,1N.06,1T.04,1T.16,1T.28,1T.40,2G.10,2N.07,2T.05,2T.17,2T.41,1G.10,1N.07,1T.05,1T.17,1T.29,1T.41,2G.11,2N.08,2T.06,2T.18,2T.30,2T.42,1G.11,1N.08,1T.06,1T.18,1T.30,1T.42,2G.12,2N.09,2T.07,2T.19,2T.31,1G.12,1N.09,1T.07,1T.19,1T.31,1T.43
g__Acanthocyclops,0,0,0,0,0,0,0,0,0,0,0,0,0,0,0,0,0,0,0,0,0,0,0,0,0,0,0,0,0,0,0,0,0,0,0,0,0,0,0,0,0,0,0,0,0,0,0,0,0,0,0,0,0,0,0,0,0,0,0,0,0,0,0,0,0,0,0,0,0,0,0,0,0,0,0,0,0,0,0,0,0,0,0,502.035,0,0,0,0,0,0,0,0,0,0,27.125,0,0,0,0,0,0,0,0,0,0,0,0,0,0,0,0,0,0,0,0,0,0,0,0,0,0,0,0,0,0,0,0,0,0,0,0,0,0,0,0,0,0,0,0,0,0,0,0,0,0,0,0,0,0,0,0,0,0,0,0,17.303,0,0,0,0,0,0,0,0,0,0,0,0,0,0,0,0,0,0,0,0,0,0,0,0,0,0,0,0,0,0,0,0,20.149,0,0,0,0,0,0,0,0,0,0,0,0,0,0,0,0,0,0,0,0,0,0,107.239,0,0,0
g__Amphinemura,0,0,0,0,0,0,0,0,0,0,0,0,0,0,0,0,0,0,0,0,0,0,0,0,0,0,0,3.315,0,14.993,0,0,0,0,0,0,64.919,0,84.384,0,0,0,141.707,0,0,0,0,0,0,0,0,0,0,47.234,0,0,0,0,0,0,0,0,0,0,0,0,0,0,0,0,0,0,0,0,0,0,0,0,0,0,0,0,0,0,0,0,0,12.143,0,0,0,0,0,0,3.125,0,0,0,0,0,0,0,0,0,0,0,0,0,0,0,52.318,0,0,7.671,0,0,0,0,0,0,0,0,0,0,0,0,0,0,8.793,0,0,9.863,0,149.689,56.749,0,0,0,0,0,0,0,0,0,182.557,0,0,39.53,0,24.011,0,33.213,0,10.25,0,19.303,43.023,0,0,0,0,21.154,0,0,0,0,0,0,86.662,14.122,0,0,0,0,0,0,0,0,27.326,59.592,0,0,0,0,0,26.908,0,0,0,0,0,0,0,0,0,0,0,0,0,0,0,0,254.432,0,0,0,0,0,0,0,0,0,45.819,0,0
g__Anopheles,0,0,0,0,0,0,0,0,0,0,0,0,0,0,0,0,0,0,0,0,0,0,0,0,0,0,0,0,0,0,0,0,0,0,0,0,0,0,0,0,0,0,0,0,0,0,0,0,0,0,0,0,0,0,0,0,0,0,0,0,0,0,0,0,0,0,0,0,0,0,0,0,0,0,0,0,0,0,0,0,0,0,0,0,0,0,0,0,0,0,0,0,0,0,0,0,0,0,0,0,0,0,0,0,0,0,0,0,0,0,0,0,0,0,0,0,0,0,0,0,0,0,0,0,0,0,0,0,483.793,0,0,0,0,0,0,0,0,0,0,0,0,0,0,0,0,0,0,0,0,0,0,0,0,0,0,0,0,0,0,0,0,0,0,0,0,0,0,0,0,0,0,0,0,0,0,0,0,0,0,0,0,0,0,0,0,0,0,0,0,0,0,0,0,0,0,0,0,0,0,0,0,0,0,0,0,0,0,0,0,0,0,0,0,0,0
g__Antocha,1.156,0,0,0,0,0,0,0,0,0,0,0,0,0,0,0,0,0,0,0,1.04,0,0,0,0,0,50.424,0,0,0,0,0,0,0,0,0,0,0,0,23.677,0,0,0,0.384,3.794,0,0,0,0,22.079,0,4.168,0,0,0,0,0,3.833,0,0,0,0,0,0,0,0,0,0,0,0,0,0,0,0,19.198,0,0,0,0,0,0,0,0,0,0,0.813,0,0,0,0,0,0,0,0,0,3.514,0,0,0,0,0,0,0,0,0,0,0,0,0,0,0,0,85.697,0,0,0,0,16.238,0,0,25.944,0,0,4.941,8.7,0,0,0,0,0,0,0,0,0,0,0,0,0,0,0,43.4,0,0,0,0,0,0,0,114.032,0,0,0,0,0,16.549,0,0,0,0,0,0,0,0,0,36.057,0,6.235,0,0,0,17.953,0,0,0,0,0,0,32.411,0,0,0,0,0,0,0,0,73.88,86.962,97.149,0,0,0,0,0,0,0,0,0,0,0,16.563,121.058,0,0,0,0,0,0,0,0,0,0,0,0,0
g__Asellus,0,0,0,0,0,0,0,0,0,0,0,0,0,0,0,0,0,0,0,0,0,0,0,0,0,0,0,0,0,0,0,0,0,0,0,0,0,0,0,0,0,0,0,0,0,0,0,0,0,0,0,0,0,0,0,0,0,0,0,0,0,0,0,0,0,0,0,0,0,0,0,0,0,0,0,0,0,0,0,0,0,0,0,0,0,0,0,0,0,0,0,0,0,0,0,0,0,0,0,0,0,0,0,0,0,341.489,0,0,0,0,0,0,0,0,0,0,0,0,0,0,0,0,0,0,0,0,0,0,0,0,0,0,0,0,0,0,0,0,0,0,0,0,0,0,0,0,0,0,0,0,0,0,0,0,0,0,0,0,0,0,0,0,0,0,0,0,0,0,0,0,0,0,0,0,0,0,0,0,0,0,0,0,0,0,0,0,0,0,0,0,0,0,0,0,0,0,0,0,0,0,0,0,0,0,0,0,0,0,0,0,0,0,0,0,0
g__Baetis,24.156,162.79,73.546,241.102,69.284,8.606,7.863,0,66.003,1748.995,0,59.794,0,135.021,385.521,8.113,121.514,0,0,186.81,357.04,36.461,45.128,62.688,278.661,24.363,6.424,164.315,4104.273,83.993,1.079,0,0,0,6.731,0,3.919,335.827,106.384,37.677,240.005,0,61.707,0,14.794,31.307,6.136,4.056,0,1821.079,48.001,0,5536.088,133.234,0,6034.833,0,0,0,0,193.738,54.321,9.784,142.411,0,20.171,0,286.183,58.196,0,5.043,0,0,0,155.198,324.691,0,196.511,51.205,35.985,2991.049,118.034,25.2,348.035,136.415,0,39.395,357.143,25.851,0,32.572,0,80.353,1.182,15.125,207.514,0,0,0,637.573,101.697,392.845,34636.586,48.77,59.136,60.489,482.066,493.944,0,45.162,0,152.684,0,345.671,0,311.813,361.644,4760.238,1.665,624.787,22.944,56.905,27.305,0,0,274.162,0,0,46.793,125.298,0.163,0,0,188.689,1.749,0,0,178.794,57.198,16.486,831.4,6.052,3.136,277.867,87.557,0,124.928,111.53,44.032,179.011,135.153,356.213,4952.507,113.25,59.549,192.303,81.023,0,0,106.592,0,2.154,5.848,415.984,17.057,7.47,1.235,1699.104,28.662,22.122,20.953,0,0,0,67.874,805.814,235.29,26.411,1157.326,32.592,18.003,0,2454.895,0,0,1256.908,480.88,39.962,21.149,0,0,21000.311,0,0,12.911,0,46.408,13672.954,1347.495,5.07,64.563,0,0,0,0,120.015,0,0,1876.696,699.009,65,3.239,65.819,9.076,321.842
g__Barbatula,8.156,0,0,0,0,0,0,0,0,0,0,0,0,0,0,0,0,0,0,0,0,0,0,0,0,0,0,0,0,0,0,0,0,0,0,0,0,0,0,0,0,0,0,0,0,0,0,0,0,0,0,0,0,0,0,0,0,1.833,5.721,0,0,0,0,0,0,0,0,0,0,0,0,0,0,0,0,0,0,0,0,0,0,0,0,0,0,0,0,0,0,0,0,0,0,0,0,0,0,0,0,0,0,0,0,0,0,0,0,0,0,0,0,0,0,0,0,0,0,0,0,0,0,0,0,0,0,0,0,0,0,0,0,0,0,0,0,0,17.709,0,0,0,65.4,0,0,0,0,0,0,0,0,0,0,0,0,0,0,0,0,0,0,0,0,0,0,0,0,0,0,0,0,0,0,0,0,0,0,0,0,0,0,0,0,0,0,0,0,0,0,0,0,0,0,0,0,0,0,0,0,0,0,0,0,0,0,0,0,0,0,0,0,0,0,2.239,0,0,0
g__Barbus,1567.156,0,0,0,0,0,0,0,0,0,0,0,0,0,0,0,0,0,0,0,523.04,0,275.128,0,0,208.363,169.424,0,0,0,0,0,0,97.727,0,0,0,0,0,0,0,0,0,0,135.794,224.307,0,0,0,0,0,1504.168,0,0,0,0,0,2334.833,301.721,0,0,0,0,0,0,0,0,0,0,141.569,262.043,0,0,577.256,0,0,0,0,0,381.985,0,0,0,0,0,0,0,0,0,482.773,0,0,0,0,0,0,0,0,0,0,0,0,0,0,0,0,0,0,0,0,0,0,503.697,0,441.156,0,0,0,210.665,0,180.944,0,0,2.941,857.7,0,0,0,0,86.298,25.163,0,0,0,0,0,202.709,0,0,0,0,0,179.136,0,0,0,0,0,0,0,0,0,0,0,0,0,0,0,1.545,266.592,255.866,0,0,0,2.057,77.47,533.235,0,0,0,0,0,267.937,0,0,0,0,673.411,0,0,0,0,0,1696.349,377.528,0,0,0,38.149,0,0,0,0,0,0,0,0,0,0,0,0,0,0,0,0,0,390.093,706.897,0,0,0,49.239,0,0,0
g__Caenis,0,0,0,0,0,0,0,0,0,0,0,11.794,0,0,0,0,0,0,0,0,0,0,0,0,0,0,0,0,0,0,0,0,0,0,0,0,0,0,0,0,0,0,0,0,0,0,0,0,0,0,0,0,0,12.234,0,0,0,0,0,0,0,0,0,0,0,0,0,0,0,0,0,0,0,0,0,0,0,0,0,0,0,0,0,0,0,0,0,8.143,0,0,372.572,0,0,0,0,0,0,0,0,0,0,0,0,0,19.136,0,0,0,0,0,0,0,0,0,0,0,92.644,0,0,0,0,0,0,8.941,0,30.162,0,0,19.793,0,0,0,0,0,0,0,0,0,0,0,0,0,0,0,0,0,0,0,0,0,36.153,0,0,0,0,0,0,0,0,0,0,0,0,0,0,0,0,0,0,0,0,0,0,0,57.874,0,0,0,0,0,0,0,0,0,0,0,0,0,0,0,0,0,0,0,0,0,96.408,0,0,0,0,0,0,0,0,0,0,0,89.696,0,0,0,0,0,0
g__Capnioneura,0,0,0,0,0,0,0,0,0,0,0,0,0,0,0,0,0,0,0,0,0,0,0,0,0,0,0,0,0,0,0,0,0,0,0,0,0,0,0,0,0,0,0,0,0,0,0,0,0,0,0,0,0,0,0,0,0,0,0,0,0,0,0,0,0,0,0,0,0,0,0,0,0,0,0,0,0,0,0,0,0,0,0,0,0,0,0,0,0,0,0,0,0,0,0,0,0,0,0,0,0,0,0,0,0,0,0,0,0,0,0,0,0,0,0,0,0,0,0,0,0,0,0,0,0,0,0,0,0,0,0,59.863,0,0,0,0,0,0,0,0,0,0,0,0,0,110.756,0,0,0,0,0,0,0,0,0,0,0,0,0,0,0,0,0,0,0,0,0,0,0,0,0,0,0,0,0,0,0,0,0,0,0,0,0,0,0,0,0,0,0,0,0,0,0,0,0,0,0,0,0,0,0,0,0,0,0,0,0,0,0,0,0,0,0,0,0
g__Carassius,0,0,0,0,0,0,0,0,0,0,0,0,0,0,0,0,0,0,0,0,0,0,0,0,0,0,0,0,0,0,0,0,0,0,0,0,0,5318.827,0,0,0,0,0,0,0,0,0,0,0,0,0,0,0,0,0,0,0,0,0,0,0,0,0,0,0,0,0,0,0,0,0,0,0,0,0,0,0,0,0,0,0,0,0,0,0,0,0,0,0,0,0,0,0,0,0,0,0,0,0,0,0,0,0,0,0,0,0,0,0,0,0,0,0,0,0,0,0,0,0,0,0,0,0,0,0,0,0,0,0,0,0,0,0,0,0,0,0,0,0,0,0,0,0,0,0,0,0,0,0,0,0,0,6.507,0,0,0,0,0,0,0,0,0,0,0,0,0,0,0,0,0,0,0,0,0,0,0,0,0,0,0,0,0,0,0,0,0,0,0,0,0,0,0,0,0,0,0,0,0,0,0,0,0,0,0,0,0,0,0,0,0,0,0,0,0,0
g__Chaetogaster,15.156,2.79,57.546,281.102,0,0,32.863,49.967,5.003,57.995,0,559.794,0,0,0,38.113,45.514,0,14251.31,0,118.04,0,5.128,0,0,90.363,0,5.315,0,0,124.079,0,32.724,2201.727,0,0,0,0,0,53.677,0,0,0,37.384,0,19.307,0,0,12.068,0,6.001,81.168,19.088,0,0,0,0.929,47.833,0,0,0,15.321,0,0,0,0,1.702,0,31.196,25.569,9.043,0,0,0,0,68.691,0,0,123.205,3018.985,590.049,344.034,5353.2,1226.035,224.415,0,91.395,0,0,0,56.572,0,332.353,778.182,45.125,398.514,3551.617,0,0,0,13.697,0.845,0,0,0,97.489,2747.066,9897.944,287.54,303.162,46.318,0,18.697,0,36.156,0,0,933.238,1944.665,11066.787,6867.944,343.905,5436.305,0,0,0,3780.932,0,434.793,3598.298,705.163,0,555.476,3728.689,0,0,9.709,0,0,0,201.4,87.052,1933.136,3216.867,0,0,0,0,268.032,0,44.153,144.213,643.507,2288.25,1146.549,1667.303,452.023,17.804,2119.545,23.592,702.866,0,0,921.984,2612.057,1435.47,2396.235,5278.104,0,207.122,2.953,0,228.937,0,144.874,639.814,1435.29,1245.411,3.326,0,0,0,0,195.349,0,66.908,702.88,3421.962,3435.149,12984.924,0,0,0,0,4.911,1013.514,0,0,1376.495,2370.07,1725.563,2203.058,0,26.103,0,135.015,449.093,8.897,155.696,208.009,1977,10277.239,1367.819,306.076,1160.842
g__Chaetonotus,0,0,0,0,0,0,0,0,0,0,0,0,0,0,0,0,0,0,0,0,0,0,0,0,0,0,0,0,0,0,0,0,0,0,0,0,0,0,0,0,0,0,0,0,0,0,0,0,0,0,0,0,0,0,0,0,0,0,0,0,0,0,0,0,0,0,0,0,0,0,0,0,0,0,0,0,0,0,0,0,0,0,0,0,0,0,0,0,0,0,0,0,0,0,0,0,0,0,0,0,0,0,0,0,0,0,0,0,0,0,0,0,0,0,0,0,0,0,0,0,0,0,0,0,0,0,0,0,0,0,0,0,0,0,145.749,0,0,0,0,0,0,0,0,0,0,0,0,0,0,0,0,0,0,0,0,0,0,0,0,0,0,0,0,0,0,0,0,0,0,0,0,0,0,0,0,0,0,0,0,0,0,0,0,0,0,0,0,0,0,0,0,0,0,0,0,0,0,0,0,0,0,0,0,0,0,0,0,0,0,0,0,0,0,0,0
g__Chironomus,0,0,0,0,0,0,0,0,0,0,0,64.794,0,0,0,0,0,0,0,0,0,0,19.128,0,0,0,0,0,0,0,0,0,0,0,0,0,0,0,0,0,0,0,0,0,0,0,0,0,0,0,0,0,0,0,0,0,0,0,0,0,0,0,0,0,0,0,0,0,0,0,0,0,0,0,0,0,0,0,0,0,0,0,0,0,0,0,0,0,0,0,0,0,0,0,0,0,0,0,0,0,0,0,0,0,0,0,0,0,0,0,0,0,0,0,162.156,0,0,0,0,0,0,0,0,0,0,0,0,0,0,0,0,0,0,0,0,0,0,0,0,0,0,0,0,0,0,0,0,0,0,0,0,0,0,0,0,0,0,0,0,0,0,0,0,0,0,0,0,0,0,0,0,0,0,0,0,0,0,0,0,0,0,0,0,0,0,0,0,0,0,0,0,0,0,0,0,0,0,0,0,0,0,0,0,0,0,0,0,0,0,0,0,0,0,0,0
g__Chydorus,0,0,0,0,0,0,0,0,0,0,0,0,0,0,0,0,0,0,0,0,0,0,0,0,0,0,0,0,0,0,0,0,0,0,0,0,0,0,0,0,0,0,0,0,0,0,0,0,0,0,0,0,0,0,0,0,0,0,0,0,0,0,0,0,0,0,0,0,0,0,0,0,0,0,0,0,0,0,0,0,0,0,0,0,0,0,0,0,0,0,0,0,0,0,0,0,0,0,0,0,0,0,0,0,0,0,0,0,0,0,0,0,0,0,0,0,0,0,0,0,0,0,0,0,0,0,0,0,0,0,0,0,0,0,0,0,0,0,0,0,0,0,209.136,0,0,0,0,0,0,0,0,0,0,0,0,0,0,0,0,0,0,0,0,0,0,0,0,0,0,0,0,0,0,0,0,0,0,0,0,0,0,0,0,0,0,0,0,0,0,0,0,0,0,0,0,0,0,0,0,0,0,0,0,0,0,0,0,0,0,0,0,0,0,0,0
g__Cloeon,0,0,0,0,0,0,0,0,0,0,0,0,0,0,0,0,0,0,0,0,0,0,0,0,0,0,0,0,0,0,0,0,0,0,0,0,0,0,0,0,0,0,0,0,0,0,0,0,0,0,0,0,0,0,0,0,0,0,0,0,0,0,0,0,0,0,0,0,0,0,0,0,0,0,0,0,0,78.511,0,0,0,0,0,0,0,0,0,0,0,0,0,0,0,0,0,0,0,0,0,0,0,0,0,0,0,0,0,0,0,0,0,0,0,0,0,0,0,0,0,0,0,0,0,0.941,0,0,0,0,0,0,0,0,0,0,0,0,0,0,0,0,0,0,0,0,0,0,0,0,0,0,0,0,0,0,0,0,0,0,0,0,0,0,0,0,0,0,0,0,0,0,0,0,0,0,0,0,0,0,0,0,0,0,0,0,0,0,0,0,0,0,0,0,0,0,0,120.514,0,0,0,0,0,0,0,0,0,0,0,0,0,0,0,0,0,0,0
g__Conchapelopia,0,0,0,0,0,0,0,0,0,0,0,0,0,0,0,0,0,0,0,0,0,0,0,0,0,0,0,0,0,0,0,0,0,0,0,0,0,0,0,0,0,0,0,0,0,0,0,0,0,0,0,0,0,0,0,0,0,0,0,0,0,0,0,0,0,0,0,0,0,0,0,0,0,0,0,0.691,0,0,0,0,0,0,0,0,0,0,0,4.143,0,0,0,0,0,0,0,0,0,0,0,0,0,0,0,0,0,0,0,0,0,0,0,0,0,0,0,0,0,0,0,0,0,73.905,0,0,0,0,0,0,21.793,0,0,0,0,0.689,0,0,0,0,8.198,7.486,0,0,0,0,0,0,0,25.53,0,0,0,0,0,0,0,0,0,0,0,0,0,0,0,0,0,0,0,0,0,0,0,0,0,0,0,0,0,0,0,0,0,0,0,0,0,2.908,0,0,0,0,0,0,0,0,0,0,2.408,0,0,0,0,0,0,0,0,0,0,0,0,0,0,0,0,0,0
g__Craspedacusta,293.156,0.79,17.546,68.102,0,0,123.863,0,2.003,93.995,0,0,0,179.021,0,0,95.514,0.097,0,696.81,467.04,0,191.128,0,0,502.363,89.424,0,0,645.993,0,0,62.724,12.727,55.731,0,0,23852.827,0,0,0,0,0,55.384,0,34.307,0,0,0,47.079,128.001,87.168,111.088,0,0,18.833,0,155.833,289.721,0,342.738,257.321,0,0,2111.54,0,0,273.183,21.196,159.569,338.043,0,0,9.256,28.198,491.691,0,25.511,0,91.985,25.049,12.034,0.2,0,0,72.813,0,0,30.851,69.773,0,0,376.353,0,0,0,0,0,0,369.573,0,8.845,117971.586,270.77,0,1014.489,0,0,0,0,0,37.684,122.697,162.671,0,201.813,0,141.238,0,0,0,0,0,177.941,75.7,0,18.932,0,0,223.298,0,0,31.476,35.689,0,171.249,185.709,98.794,0,0,0,90.052,47.136,29.867,0,0,1704.928,706.53,228.032,0,0,0,356.507,0,160.549,0,565.023,0,17.545,257.592,0,0,0,0,31.057,17.47,140.235,0,0,0,115.953,0,0,32.825,0,193.814,167.29,62.411,0,0,0,0,42.895,411.349,0,77.908,30.88,5.962,481.149,0,0,0,71.65,0,111.911,0.514,0,0,732.495,0,171.563,0,0,0,0,4.015,3433.093,120.897,393.696,28.009,0,74.239,14.819,88.076,0
g__Cricotopus,40.156,39.79,25.546,0,171.284,0,0,0,6.003,0,0,7.794,0,0,411.521,0,0,0,0,0,0,0,76.128,0,0,2.363,72.424,0,0,0,0,0,431.724,16.727,0,0,0,0,1869.384,1063.677,30319.005,0,0,32.384,383.794,83.307,0,0,0,304.079,98.001,38.168,0,0,0,3151.833,0,11.833,71.721,0,28.738,0,0,0,0,0,0,80.183,0,12.569,29.043,0,0,0,0,12.691,0,0,0,77.985,0,0,86.2,61.035,0,0,0,0,0,0,0,0,6.353,0,0,40.514,0,0,0,0,1800.697,0,0,0,0,0,0,0,0,0,0,0,0,0,0.156,27.813,0,0,4414.665,0,0,0,0,0,0,0,0,0,0,40.298,0,0,0,0,0,0,124.709,0,0,0,0,0,6.136,0,0,0,0,0,0,16.011,24.153,4.213,0,0,12.549,0,0,0,0,0,89.866,0,0,0,49.057,6.47,66.235,0,0,0,27.953,0,60.937,0,14.874,0,0,88.411,0,0,0,0,0,81.349,0,62.908,0,0,102.149,184.924,0,0,0,0,0,0,0,0,336.495,0,91.563,0,0,0,0,0,69.093,0,0,0,0,6.239,0,0,0
g__Cyclops,0,0,0,0,0,0,0,0,0,0,0,0,0,0,0,0,0,0,0,0,0,0,0,0,0,0,0,0,0,0,0,0,0,0,0,0,0,0,0,0,0,0,0,0,0,0,0,0,0,0,0,0,0,0,0,0,0,0,0,0,0,0,0,0,0,0,0,0,0,0,0,0,0,0,0,0,0,0,0,0,0,0,0,0,0,0,0,0,0,0,0,0,0,0,0,0,0,0,0,0,0,0,0,0,0,0,0,0,0,0,0,0,0,0,0,0,0,0,0,0,0,0,0,0,0,0,0,0,0,0,0,0,0,0,0,0,0,0,0,0,0,0,0,0,0,0,0,0,0,0,0,0,0,0,0,0,0,0,0,0,0,0,0,0,0,0,0,0,0,0,0,0,0,0,0,0,0,0,0,0,0,0,0,0,0,0,175.88,0,0,0,0,0,0,0,0,0,0,0,0,0,0,0,0,0,0,0,0,0,0,0,0,0,0,0,0
g__Cypridopsis,0,0,0,0,0,0,0,0,0,0,0,0,0,0,0,0,0,0,0,0,0,0,0,0,0,0,0,0,0,0,0,0,0,0,0,0,0,0,0,0,0,0,0,0,0,0,0,0,0,0,0,0,0,0,0,0,0,0,0,0,0,0,0,0,0,0,0,0,0,0,0,0,0,0,0,0,0,0,0,0,0,0,0,0,0,0,0,0,0,0,0,0,0,0,0,0,0,0,0,0,0,0,0,0,0,0,0,0,0,0,0,0,0,0,0,0,0,0,0,0,0,0,0,0,0,0,0,0,0,0,0,0,0,0,0,0,939.709,0,0,0,0,0,0,0,0,0,0,0,0,0,0,0,0,0,0,0,0,0,0,0,5.866,0,0,0,0,0,0,0,0,0,0,0,0,0,0,0,0,0,0,0,0,0,0,0,0,0,0,0,0,0,0,0,0,0,0,0,0,0,0,0,0,0,0,0,0,0,0,0,0,0,0,0,0,0,0
g__Cyprinus,0,0,0,0,0,0,0,0,0,0,0,0,0,0,0,0,0,0,0,0,0,0,0,0,0,0,0,0,0,0,0,0,0,0,0,0,0,7747.827,0,0,0,0,0,0,0,0,0,0,0,0,0,0,0,0,0,0,0,0,0,0,0,0,0,0,0,0,0,0,0,0,0,0,0,0,0,0,0,0,0,0,0,0,0,0,0,0,0,0,0,0,0,0,0,0,0,0,0,0,0,0,0,0,0,0,0,0,0,0,0,0,0,0,0,0,0,0,0,0,0,0,0,0,0,0,0,0,0,0,0,0,0,0,0,0,0,0,0,0,0,0,0,0,0,0,0,0,0,0,0,0,0,0,0,0,0,0,0,0,0,0,0,0,0,0,7.057,0,0,0,0,0,0,0,0,0,0,0,0,0,0,0,0,0,0,0,0,0,0,0,0,0,0,0,0,0,0,0,0,0,0,0,0,0,0,0,0,0,0,0,0,0,0,0,0,0,0
g__Dero,69.156,0,0,0,0,0,0,0,0,0,0,0,0,0,0,0,0,0,0,0,0,0,0,0,0,273.363,0,0,0,0,0,0,0,0,0,0,0,0,0,0,0,0,0,297.384,0,0,0,0,0,123.079,0,4.168,0,0,0,0,0,0,0,0,0,0,0,0,0,0,0,0,0,0,0,0,0,0,0,0,0,0,0,0,0,0,0,0,0,0,0,0,0,0,0,0,0,0,0,0,0,0,0,0,0,0,0,0,0,0,0,0,0,0,0,0,0,0,0,0,0,0,0,0,0,0,0,0,0,0,0,0,0,0,0,0,0,0,0,0,0,0,0,0,0,0,0,0,0,0,0,0,0,0,0,0,0,0,0,0,0,0,318.545,0,0,0,0,0,0,0,0,0,0,0,0,0,0,0,0,0,0,0,0,0,0,0,0,0,0,0,0,0,0,0,0,0,0,0,0,0,0,0,0,0,0,0,0,0,0,0,0,0,0,0,0,0,0,0,0
g__Diamesa,0,0,0,0,0,0,0,0,0,0,0,0,0,0,0,0,0,0,0,0,0,0,0,0,0,0,0,0,0,0,26.079,0,0,0,0,0,0,0,0,0,0,0,0,0,0,0,0,0,0,0,0,0,0,0,8.11,0,0,0,0,0,0,0,0,0,0,0,0,0,0,0,0,0,0,0,0,0,0,0,0,0,0,0,0,41.035,0,0,0,0,0,0,0,0,0,0,6.125,0,86.617,0,0,0,0,0,0,0,0,0,0,1.944,0,14.162,302.318,0,0,0,0,0,0,0,0,0,1.944,0,339.305,0,0,0,0,0,0,0,0,59.863,0,0,1809.749,0,0,0,0,0,0,0,0,0,0,0,0,0,0,0,0,0,0,0,0,0,432.023,156.804,0,0,0,0,0,0,0,0,0,44.104,0,257.122,0,0,0,0,0,0,0,0,60.326,62.592,95.003,0,0,0,0,0,0,0,0,0,0,0,0,0,0,0,0,0,0,0,0,0,77.432,0,0,0,0,0,0,0,0,0,116.819,72.076,151.842
g__Dicranomyia,0,0,0,0,0,0,0,0,0,0,0,0,0,0,0,0,0,0,0,0,0,0,0,0,0,0,0,0,0,0,0,0,0,0,0,115.846,0,0,0,0,0,0,0,0,0,0,0,0,0,0,0,0,0,0,0,0,0,0,0,0,0,0,0,0,0,0,0,0,0,0,0,0,0,0,0,0,0,0,0,0,0,0,0,0,0,0,0,0,0,0,0,0,0,0,0,0,0,0,0,0,0,0,0,0,0,0,0,0,0,0,0,0,0,0,0,0,0,0,0,0,0,0,0,0,0,0,0,0,0,0,0,0,0,0,0,0,0,0,0,33.486,0,0,0,0,0,0,0,0,0,0,0,0,0,0,0,0,0,0,0,0,0,0,0,0,0,0,0,0,0,0,0,0,0,0,0,0,0,0,0,0,0,0,0,0,0,0,0,0,0,0,0,0,0,0,0,0,0,0,0,0,0,0,0,0,0,0,0,0,0,0,0,0,0,0,0
g__Ecdyonurus,0,0,0,0,0,0,0,0,0,0,0,0,0,0,0,0,0,0,0,0,11.04,0,0,0,0,0,0,0,0,0,0,0,0,0,0,0,9.919,0,0,0,0,0,0,0,0,0,0,0,0,0,0,0,0,0,0,0,0,0,0,0,0,0,0,0,0,0,0,8.183,0,0,0,0,0,0,0,0,0,3.511,0,0,0,0,0,0,0,0,0,0,0,0,15.572,5.749,0,0,0,13.514,0,0,0,0,0,0,0,0,0,0,0,0,0,0,0,0,0,7.671,0,1.813,0,0,0,0,0,0,0,0,0,0,0,0,0,0,0,0,0,0,0,25.249,0,0,10.198,0,0,6.052,0,0,0,0,0,60.53,0,0,0,0.213,0,0,0,0,0,0,0,0,0,0,3.848,81.984,0,0,0,0,0,0,0,0,0,0,0,0,0,0,2.326,0,0,0,0,0,0,64.908,0,0,0,0,0,0,0,0,0,0,0.408,0,0,0,0,0,0,0,0,0,0,0,21.696,2.009,0,0,0,0,0
g__Eiseniella,0,0,16.546,33.102,0,937.606,234.863,151.967,0,114.995,0,12.794,499.145,635.021,736.521,0,11.514,4.097,0,88.81,0,62.461,0,456.688,2.661,0,0,0,12.273,188.993,5.079,61.542,202.724,71.727,62.731,20.846,83.919,12403.827,0,0,54.005,45.316,0,0,11.794,0,17.136,164.056,0,0,0,0,47.088,989.234,52.11,30.833,0,0,0,0,35.738,25.321,40.784,72.411,0,0,93.702,218.183,4.196,0,25.043,0,0,0,0,55.691,71.669,0,155.205,0,153.049,164.034,193.2,0,319.415,0,332.395,0,114.851,0,0,20.749,240.353,95.182,45.125,9.514,0,0,167.185,290.573,58.697,42.845,6065.586,0,0,197.489,530.066,4.944,0,23.162,48.318,97.684,0,0,0,551.813,0,627.238,28.665,96.787,0,25.905,7.305,0,0,0,97.932,0,0,0,41.163,1.863,19.476,55.689,0,0,0,33.794,0,239.486,288.4,1395.052,0,29.867,250.557,450.756,2.928,33.53,0,0,0,0,81.507,61.25,40.549,37.303,124.023,25.804,0,0,0,88.154,1078.848,0,0,27.47,28.235,78.104,277.662,54.122,0,0,0,51.825,131.874,0,0,0,34.326,30.592,147.003,0,0,5.349,0,16.908,121.88,0,54.149,0,862.459,17.311,0,0,287.911,0,26.408,80.954,0,0.07,1737.563,152.058,71.432,0,0,73.015,0,0,1.696,358.009,0,0,53.819,54.076,5.842
g__Elmis,0,0,0,0,0,0,0,0,0,0,0,0,0,0,0,0,0,0,0,0,0,0,0,0,0,0,0,0,0,0,0,0,0,0,0,0,0,0,21.384,0,0,0,0,0,0,0,0,0,0,36.079,0,0,0,0,0,0,0,0,0,0,0,0,0,0,0,0,0,0,0,0,0,0,0,0,0,0,0,0,0,0,0,0,0,0,0,0,0,0,0,0,0,0,0,0,0,0,0,0,0,0.573,0,35.845,0,0,0,0,0,0,0,0,0,0,1.697,0,0,0,0,0,0,0,0,0,0,0,0,0,0,0,0,0,0,0,0,0,0,0,0,0,0,0,0,0,0,0,0,0,0,15.53,0,0,0,0,0,0,0,0,0,0,0,0,0,0,0,0,0,0,0,0,0,0,0,0,0,0,0,0,0,0,0,0,0,0,0,0,0,0,0,0,0,0,0,0,0,0,0,0,0,0,0,0,0,0,0,0,0,0,0,0,0,0,0,0,0,0,0
g__Elodes,0,0,2.546,0,0,0,0,0,0.003,0,0,0,0,0,1.521,0,0,0,0,0,0,0,0,0,0,0,0,0,0,0,0,0,0,0,0,0,0,0,0,0,0,0,0,0,0,0,0,59.056,0,0,0,0,6.088,0,0,0,0,0,0,0,0,0,0,0,0,0,0,0,0,0,0,0,0,0,0,0,0,0,0,0,0,0,0,0,0,0,0,0,0,0,0,0,0,0,0,0,0,0,0,0,0,0,0,0,0,0,0,0,0,0,0,0,0,0,0,0,0,0,0,0,0,0,0,0,0,0,0,0,0,0,0,0,0,0,0,0,0,0,0,0,0,0,0,0,0,0,0,0,0,0,0,0,0,0,0,0,0,0,0,0,0,0,0,0,0,0,0,0,0,0,0,0,0,0,0,0,0,0,0,0,0,0,0,0,0,0,0,0,0,0,0,0,0,0,0,0,0,0,0,0,0,0,0,0,0,0,0,0,0,0,0,0,0,0,0
g__Epeorus,0,0,0,0,0,0,0,0,0,0,0,0,0,0,0,0,0,0,0,0,0,0,0,0,0,0,0,0,0,0,0,0,0,0,0,14.846,0,0,0,0,0,0,0,0,0,0,0,0,0,0,0,0,0,0,0,0,0,0,0,0,0,0,0,0,0,0,0,0,0,0,0,0,0,0,0,0,0,0,0,0,0,25.034,0,0,0,0,0,0,0,0,0,0,0,0,0,0,3.617,0,0,0,0,0,0,0,0,0,0,0,0,0,0,0,0,0,0,0,0,0,0,0,0,0,0,0,0,0,0,0,0,0,0,0,0,0,0,0,0,0,0,12.486,0,0,0,0,0,0,0,0.53,0,0,0,18.213,0,0,0,0,0,0,0,0,0,0,0,44.984,0,0,0,0,16.662,0,0,0,0,0,0,0,0,0,8.326,0,0,0,0,0,0,0,0,0,0,0,0,0,0,0,0,0,0,0,0,0,0,0,0,0,0,0,0,0,0,0,0,0,0,0,0
g__Ephemera,0,0,0,0,0,0,0,0,0,0,0,0,0,41.021,0,0,0,0,0,0,0,0,0,0,0,0,0,0,0,0,0,0,0,0,0,0,0,0,12.384,0,0,0,0,0,0,0,0,0,0,0,0,0,0,0,0,0,0,0,0,0,0,0,0,0,0,0,0,0,0,0,0,0,0,0,0,0,0,0,0,0,0,0,0,0,0,0,0,0,0,0,0,0,0,0,0,0,0,0,0,0,0,0,0,0,0,254.489,0,0,0,0,0,0,0,0,0,0,0,0,0,0,0,0,0,0,0,0,0,0,0,0,0,0,0,0,0,0,0,0,0,0,0,0,0,0,0,0,0,0,0,0,0,0,0,28.25,0,0,0,0,0,0,0,0,0,0,0,0,0,0,0,0,0,0,0,0,0,0,0,0,0,0,0,0,0,0,0,0,0,0,0,0,0,0,0,0,0,0,0,0,0,0,1.563,0,0,0,0,0,0,0,0,0,0,0,0,0,0
g__Ephemerella,0,0,0,0,0,0,0,0,0,0,0,0,0,0,0,0,0,0,0,0,0,0,0,0,0,0,0,0,0,0,0,0,0,0,0,0,0,0,0,0,0,0,0,0,0,0,0,0,0,0,0,0,0,0,0,0,0,0,0,0,0,0,0,0,0,0,0,0,0,0,0,0,0,0,0,0,0,0,0,0,0,0,0,0,0,0,0,0,0,0,0,0,0,0,0,0,0,0,0,0,0,0,0,0,0,0,0,0,0,0,0,0,0,0,0,0,0,0,0,0,0,10.905,0,0,0,0,0,0,58.793,0,0,0,0,0,304.749,0,0,0,0,0,0,0,0,0,0,0,0,0,0,0,0,0,0,0,0,0,0,0,0,0,0,0,0,0,0,0,0,0,0,0,0,0,0,0,0,0,0,0,0,271.592,0,0,0,0,0,0,0,0,0,0,0,0,0,0,0,0,0,0,0,0,0,0,317.432,0,0,0,0,0,0,0,0,0,33.819,0,0
g__Ephydatia,0,0,0,0,0,0,0,0,0,0,0,0,0,0,0,0,0,0,0,0,0,0,0,0,0,0,0,0,0,0,0,0,0,0,0,0,0,0,0,0,0,0,0,0,0,0,0,0,0,0,0,0,0,0,0,0,0,0,0,0,0,0,0,0,0,0,0,0,0,0,0,0,0,0,0,0,0,0,0,0,0,0,0,0,0,0,0,0,0,0,0,0,0,0,0,0,0,0,0,0,0,0,0,0,0,37.489,0,0,0,0,0,0,0,0,0,0,0,0,0,0,0,0,0,0,0,0,0,0,0,0,0,0,0,0,0,0,0,0,0,0,0,0,0,0,0,0,0,0,0,0,0,0,0,0,0,0,0,0,0,0,0,0,0,0,0,0,0,0,0,0,0,0,0,0,0,0,0,0,0,0,0,0,0,0,0,0,0,0,0,0,0,0,0,0,0,0,0,0,0,0,0,0,0,0,0,0,0,0,0,0,0,0,0,0,0
g__Euchlanis,0,0,0,0,0,0,0,0,0,0,0,0,0,0,0,0,0,0,0,0,0,0,0,0,0,22.363,0,0,0,0,0,0,0,0,0,0,0,0,0,0,0,0,0,92.384,0,0,0,0,0,0,0,0,0,0,0,0,0,0,0,0,0,0,0,0,0,0,0,0,0,0,0,0,0,26.256,0,0,0,0,0,0,0,0,0,0,0,0,0,0,0,14.773,0,0,0,0,0,1226.514,0,0,0,0,0,0,0,0,0,0,0,0,0,0,0,0,17.697,0,86.156,0,319.644,0,0,0,0,0,0,0,0,0,0,0,0,0,0,0,0,0,0,0,278.709,0,0,0,0,0,0,4.867,0,0,0,0,0,0,1.153,0,0,0,0,0,0,0,0,0,6.866,0,0,0,0,0,0,0,0,0,58.953,0,47.937,0,0,0,0,0,0,0,0,0,0,231.349,421.528,0,0,0,0,0,0,0,0,0,0,0,0,0,0,0,5.563,0,0,0,0,0,16.093,51.897,0,0,0,0,0,0,0
g__Eucyclops,0,0,0,0,0,0,0,0,0,0,0,0,0,0,0,0,0,0,0,0,0,0,0,0,0,0,0,0,0,0,0,0,0,0,0,0,0,0,0,0,0,0,0,0,0,0,0,0,0,0,0,0,0,0,0,0,0,0,0,0,0,0,0,0,0,0,0,0,0,0,0,0,0,0,0,0,0,200.511,0,0,0,0,0,0,0,0,0,0,0,0,0,0,0,0,0,0,0,0,0,0,0,0,0,0,0,0,0,0,0,0,0,0,0,0,0,0,0,0,0,0,0,0,0,0,0,0,0,0,0,0,0,0,0,0,0,0,0,0,0,0,0,0,0,0,0,0,0,0,0,0,0,0,0,0,0,0,0,0,0,0,0,0,0,0,0,0,0,0,0,0,0,0,0,0,0,0,0,0,0,0,0,0,0,0,0,0,0,0,0,0,0,0,0,0,0,0,0,0,0,0,0,0,0,0,0,0,0,0,0,0,0,0,0,0,0
g__Eukiefferiella,0,0,10.546,0,0,0,0,0,0,0,0,0,0,0,0,0,0,0,0,0,0,0,0,0,0,0,0,0,0,0,0,0,0,0,0,0,0,0,0,0,0,0,0,0,0,0,0,0,0,0,0,0,0,0,0,0,0,0,0,0,0,0,0,0,0,0,0,0,194.196,0,0,0,0,0,0,0,0,0,0,0,0,0,0,0,0,0,0,0,0,0,0,0,0,0,0,13.514,0,0,0,0,0,0,0,0,0,0,0,0,0,0,0,0,0,0,0,0,0,0,0,0,0,0,0,0,0,0,0,0,0,0,0,0,0,0,0,0,0,0,0,0,0,0,0,0,0,0,0,0,0,0,0,0,0,0,0,0,0,0,0,0,0,0,0,0,0,0,0,0,0,0,0,0,0,0,0,0,0,0,0,0,0,0,0,0,0,0,0,0,0,0,0,0,0,0,0,0,0,0,0,0,0,0,0,332.103,0,0.015,0,0,0,0,0,0,0,0,0
g__Gammarus,0,0,0,0,0,0,0,0,0,0,0,0,0,24.021,0,0,0,0,0,0,0,0,0,0,0,0,0,0,0,0,0,0,0,0,0,0,0,0,0,0,0,0,0,0,0,0,0,0,0,0,0,0,0,0,0,0,0,0,0,0,0,0,0,0,0,0,0,0,0,0,0,0,0,0,0,0,0,0,0,0,0,0,0,0,0,0,26.395,0,0,0,0,0,0,0,0,0,0,0,0,7.573,0,0,0,0,0,43.489,21.066,0,0,0,0,0,0,0,0,0,0,0,0,0,0,0,0,0,0,0,0,0,0,0,0,0,0,0,0,361.249,0,0,0,0,0,0,0,0,0,0,0,0,0,0,0,0,0,0,0,0,0,0,0,0,0,0,38.848,0,0,0,0,0,0,0,0,0,0,0,0,0,0,0,0,0,0,0,0,0,0,0,0,0,0,0,0,0,0,0,0,0,0,0,0,0,0,0,0,0,0,0,0,0,0,0,0,0,0,0,0
g__Glossosoma,0,0,0,0,0,0,0,0,0,0,0,0,0,0,0,0,0,0,0,0,0,0,0,0,0,0,0,0,0,0,0,0,0,0,0,0,0,0,0,0,0,0,0,0,0,0,0,0,0,0,0,0,0,0,0,0,0,0,0,0,0,0,0,0,0,0,0,0,0,0,0,0,0,0,0,0,0,0,0,0,0,0,0,0,0,0,0,0,0,0,0,0,0,0,0,0,0,0,0,0,0,0,0,0,0,0,0,0,0,0,17.318,0,0,0,0,0,0,0,0,0,0,0,3.305,0,0,0,0,0,0,0,0,0,0,0,0,0,0,0,0,0,0,0,0,0,0,0,0,0,0,0,0,0,0,0,0,0,0,0,0,0,0,0,0,0,0,0,0,0,0,0,0,0,0,0,0,0,0,0,0,0,0,0,0,0,0,0,0,0,0,0,0,0,0,0,0,0,0,0,0,0,0,0,0,0,0,0,0,0,0,0,0,0,0,0,0
g__Gobio,293.156,0,0,0,0,0,0,0,0,0,0,0,0,0,0,0,0,0,0,0,0,0,0,0,0,0,0,0,0,0,0,0,0,143.727,0,0,0,0,0,0,0,0,0,0,0,0,0,0,0,0,0,46.168,0,0,0,0,0,351.833,0,0,0,0,0,0,0,0,0,0,0,0,0,0,0,18.256,0,0,0,0,0,130.985,0,0,0,0,0,0,0,0,0,0,0,0,0,0,0,0,0,0,0,0,0,0,0,0,0,0,0,0,0,0,0,0,0,0,0,0,0,0,0,0,0,0,0,0,0,0,0,0,0,0,0,0,0,0,0,0,13.709,0,0,0,0,0,8.136,0,0,0,0,0,0,0,0,0,0,0,0,0,0,0,0,0,0,0,0,0,0,0,0,0,0,0,0,0,0,0,0,0,0,0,0,0,0,0,0,0,0,0,0,0,0,0,0,0,0,0,0,0,0,0,0,0,0,0,0,0,0,0,0,0,0,0,0,0,0,0,0
g__Gyrodactylus,0,0,0,0,0,0,0,0,0,0,0,0,0,0,0,0,0,0,0,0,0,0,0,0,0,0,0,0,0,0,0,0,0,0,0,0,0,0,0,0,0,0,0,0,0,0,0,0,0,0,0,0,0,0,0,0,0,0,0,0,0,0,0,0,0,0,0,0,0,0,0,0,0,0,0,0,0,0,0,0,0,0,0,0,0,0,0,0,0,0,0,0,0,0,0,0,0,0,0,0,0,0,0,0,0,0,0,0,0,0,0,0,0,0,0,0,0,0,0,0,0,0,0,0,0,0,479.932,0,0,0,0,0,0,0,0,0,0,0,0,0,0,0,0,0,0,0,0,0,0,0,0,0,0,0,0,0,0,0,0,0,0,0,0,0,0,0,0,0,0,0,0,0,0,0,0,0,0,0,0,0,0,0,0,0,0,0,0,0,0,0,0,0,0,0,0,0,0,0,0,0,0,0,0,0,0,0,0,0,0,0,0,0,0,0,0
g__Habroleptoides,0,0,0,0,0,69.606,0,0,0,0,0,8.794,0,0,0,18.113,0,0,0,0,5.04,0,0,0,0,0,0,8.315,0,0,0,0,19.724,0,0,23.846,176.919,0,0,0,0,0,25.707,0,0,0,0,37.056,0,0,0,0,0,0.234,0,0,0,0,0,0,15.738,0,0,0,0,0,0,0,0,0,0,0,0,0,0,0,0,0,0,0,0,0,0,0,97.415,0,6.395,18.143,0,0,0,0,0,0,19.125,0,0,0,29.185,0,0,0,0,0,0,0,56.066,14.944,10.54,87.162,26.318,0,0,0,0,0,0,0,0,25.787,0,0,0,0,0,0,0,0,0,0,0,58.863,0,51.689,0,0,0,0,0,73.486,0,59.052,0,0,186.557,44.756,3.928,0,3.032,0,0,0,0,0,0,0,0,0,0,0,0,29.154,0,0,0,0,0,1.104,75.662,0,0,0,0,0,0,0,15.29,0,0,0,0,0,0,0,0,7.908,0,0,0,0,165.459,0,0,0,0,0,0,0,0,0,0,0,30.432,0,0,0,0,0,0,2.009,0,0,0,0,3074.842
g__Habrophlebia,0,0,0,0,0,0,0,0,0,0,0,0,0,0,0,11.113,0,0,0,0,0,0,0,0,0,0,0,0,0,0,0,0,0,0,0,0,0,0,0,0,0,0,0,0,0,0,20.136,0,0,0,0,0,0,0,0,0,0,0,0,0,0,0,0,0,0,0,0,0,0,0,0,0,0,0,0.198,0,0,0,0,0,0,0,0,0,0,0,0,0,0,0,0,244.749,204.353,87.182,0,0,0,0,221.185,0,0,0,0,0,0,827.489,52.066,21.944,0,0,0,0,0,0,0,0,0,0,0,0,0,0,0,0,0,0,0,0,278.793,0,0,0,0,0,0,8.249,0,0,0,0,52.4,0,0,0,0,0,0,0,25.032,0,0,0,0,0,0,0,0,0,0,0,0,0,0,0,18.057,0,0,0,0,0,0,0,0,0,0,2.814,0,0,0,0,0,0,0,0,0,0,1157.88,0,0,0,0,0,0,0,0,0,0,0,0,0,0,0,0,0,0,0,0,0,0,6.009,0,0,0,0,0
g__Hydra,33.156,14.79,0,0,0,0,37.863,1113.967,0,0,0,4.794,0,7.021,0,0,1.514,0,0,25.81,0,0,24.128,53.688,0,50.363,0,0,0,0,0,0,0,0,0,0,0,0,15.384,0,0,0,0,1.384,38.794,0,0,0,0,20.079,0,0,0,0,0,0,0,0,0,0,77.738,0,0,0,0,0,0,0,112.196,0,0,0,0,0,0,28.691,2.669,0,0,30.985,0,0,1019.2,0,0,0,95.395,0,3.851,0,0,0,12.353,38.182,0,0,0,0,0,0,0,0,0,0,0,474.489,0,0,0,0,0,0,40.697,0,0,25.813,0,0,0,0,0,0,0,47.941,0,0,0,0,0,27.298,10.163,0,0,0,0,0,0,0,0,0,0,0,0,0,0,0,64.928,99.53,0,0.011,21.153,570.213,103.507,0,0,0,0,0,128.545,43.592,0,0,0,2.984,0,0,0,0,0,0,0,0,0,0,10.874,6.814,71.29,47.411,0,0,0,0,3130.895,0,0,893.908,0,72.962,0,0,0,0,0,0,0,0,0,0,9.495,0,0,0,0,0,0,85.015,0,0,0,0,0,0,0,0,0
g__Hydropsyche,0,0,0,0,0,0,0,0,0,0,0,0,0,0,0,0,0,0,0,0,0,0,0,0,0,0,0,0,0,0,0,0,0,0,0,0,0,0,0,0,0,0,0,0,0,0,0,0,0,0,0,0,0,0,0,0,0,0,0,0,0,0,0,0,0,0,0,0,0,0,0,0,0,0,0,0,0,0,0,0,0,0,0,14.035,47.415,0,0,3.143,0,0,0,0,0,0,0,0,0,0,0,0,0,0,0,0,0,0,0,0,0,0,0,0,0,7.671,0,0,0,0,0,0,0,0,0,0,0,0,0,0,0,0,0,0,0,35.689,0,0,0,0,98.198,0,0,0,0,18.867,8.557,0,0,2.53,0,0,0,0,0,9.25,0,8.303,0,0,0,0,0,0,0,0,0,0,0,0,0,0,0,0,0,0,0,0,0,0,2.326,0,0,0,0,0,0,1.908,0,0,0,0,0,0,0,0,0,0,1.408,0,0,0,0,0,0,0,0,0,0,0,0,24.009,0,0,0,0,0
g__Hydroptila,0,0,0,0,0,0,0,0,0,0,0,0,0,0,0,0,0,0,0,0,0,0,0,0,0,0,0,0,0,0,0,0,0,0,0,0,0,0,0,0,0,0,0,0,0,0,0,0,0,0,0,0,0,0,0,0,0,0,0,0,0,0,0,0,0,0,0,0,0,0,0,0,0,0,0,0,0,0,0,0,0,0,0,0,0,0,0,0,0,0,0,0,0,0,0,0,0,0,0,0,0,0,0,0,0,0,0,0,0,0,0,0,5.697,0,0,0,0,0,0,0,0,0,0,0,0,0.162,0,0,0,0,0,0,0,0,0,0,0,0,124.198,0,0,0,0,0,0,0,0,0,0,0,0,0,0,0,0,0,0,0,0,0,0,0,0,0,0,0,0,0,0,0,0,0,0,0,0,0,0,0,0,0,0,0,0,0,0,0,0,0,0,0,0,0,0,0,0,0,0,0,0,0,0,0,0,0,0,0,0,0,0,0,0,0,0,0,0
g__Isohypsibius,0,0,0,0,0,0,0,0,0,0,0,0,0,0,0,0,0,0,0,0,0,0,0,0,0,0,0,0,0,0,0,0,0,0,0,0,0,2005.827,0,0,0,0,0,0,0,0,0,0,0,0,0,0,0,0,0,0,0,0,0,0,0,0,0,0,0,0,0,0,0,0,0,0,0,0,0,0,0,0,0,0,0,0,0,0,0,0,0,0,0,0,0,0,0,0,0,0,0,0,0,0,0,0,0,0,0,0,0,0,0,0,0,0,0,0,0,0,0,0,0,0,0,0,0,0,0,0,0,0,0,0,0,0,0,0,0,0,0,0,0,0,0,0,0,0,0,0,0,0,0,0,0,0,0,0,0,0,0,0,0,0,0,0,0,0,0,0,0,0,0,0,0,0,0,0,0,0,116.29,0,0,0,0,0,0,0,0,0,0,135.962,0,0,0,0,0,0,0,0,0,0,0,0,0,0,0,0,0,0,0,0,0,0,0,0,0,0,0
g__Isoperla,0,0,0,0,0,0,0,0,0,0,0,0,0,0,0,0,0,0,0,0,0,0.461,0,0,0,0,0,0,0,0,0,0,0,0,0,0,0,0,3.384,0,0,0,0,0,0,0,0,0,0,0,0,0,34.088,103.234,0,0,0,0,0,0,0,0,0,0,0,0,0,0,0,0,0,0,0,0,0,0,0,0,0,0,0,0,0,0,0,0,0,0,0,0,3.572,0,0,0,0,0,63.617,0,0,0,0,0,0,0,1.136,0,0,0,0,0,12.318,0,0,0,0,281.813,0,0,0,0,126.944,0,25.305,0,0,0,0,0,0,0,0,27.863,0,42.689,393.749,0,0,0,0,0,0,0,0,0,0,0,0,0,0,0,0,24.213,0,0,0,0,699.023,0,0,0,0,0,0,114.984,0,0,0,96.104,0,57.122,0,0,0,0,0,0,0,0,0,105.592,0,0,0,0,0,0,0,0,0,0,0,0,0,0,0,0,9.408,0,0,0,0,0,38.432,0,0,0,0,0,0,0,0,0,231.819,12.076,0
g__Keratella,0,0,0,1112.102,0,0,0,28.967,0,100.995,0,234.794,0,0,0,0,158.514,0,0,0,0,0,0,0,0,0,0,0,0,0,0,0,0,0,0,0,0,9839.827,0,0,0,0,0,0,0,0,0,0,0,0,0,0,0,0,146.11,0,0,0,0,0,0,0,0,0,0,0,0,0,0,0,0,0,0,0,0,0,4426.669,0,0,0,0,18.034,182.2,0,0,0,1.395,0,0,0,0,0,0,53.182,0,0,0,0,0,0,0,0,0,0,0,0,0,0,0,0,0,0,0,0,0,0,0,0,0,0,0,0,0,0,0,0,0,0,0,0,0,0,0,0,0,0,0,0,0,0,0,0,0,0,0,0,0,0,0,0,0,0,0,0,0,0,0,0,0,0,0,0,0,0,0,0,0,0,0,0,0,0,0,0,0,0,0,0,0,0,0,0,0,0,0,0,0,0,0,0,0,0,0,0,0,0,0,0,0,18.07,0,0,0,0,0,0,0,0,0,0,158,0,0,0,0
g__Leuctra,0,0,0,0,0,0,0,0,0,0,0,0,0,0,0,0,0,1.097,0,0,0,0,0,0,0,0,0,0,0,0,3.079,0,0,0,0,0,3.919,0,0,0,0,0,0,0,0,0,0,0,0,0,0,0,0,0,0,0,0,0,0,0,0,0,0,0,0,0,0,0,0,0,0,0,0,0,0,0,0,17.511,0,0,0,1.034,0,0,0,0,0,0,0,0,0,0,0,0,1.125,191.514,0,0,0,0,0,0,0,354.77,563.136,0,0,0,0,0,0,0.684,0,0,0,0,0,2.238,0,0,0,0,0,0,0,0,0,0,0,0,0,0,0,0,0,0,0,0,2.198,0,0,0,0,0,0,0,0,30.53,0,0,0,0,0,4.25,0,56.303,0,0,0,0,0,0,0,667.984,0,0,0,0,0,12.122,0,0,0,0,0,0,0,0,0,0,0,0,0,0,0,5.908,0,0,0,0,0,3.311,0,0,0,0,0,0,0,0,0,0,0,0,0,44.015,0,0,0,19.009,0,0,0,0,0
g__Limnephilus,0,0,0,0,0,0,0,0,0,0,0,0,0,0,0,0,0,0,0,0,0,0,0,0,0,0,0,0,0,0,0,0,0,0,0,0,0,0,0,0,0,0,0,0,0,0,0,0,0,0,0,0,0,0,0,0,0,0,0,0,0,0,0,0,0,0,0,0,0,0,0,0,0,0,0,0,0,0,0,0,0,0,0,0,0,0,0,0,0,0,0,0,0,0,0,0,0,0,0,0,0,0,0,0,0,0,0,0,0,0,0,0,0,0,0,0,0,0,0,0,0,0,0,0,0,0,0,0,0,0,0,0,0,0,0,0,0,0,0,0,114.4,0,0,0,0,0,0,0,0,0,0,0,0,0,0,0,0,0,0,0,0,0,0,0,0,0,0,0,0,0,0,0,0,0,0,0,0,0,0,0,0,0,0,0,0,0,0,0,0,0,0,0,0,0,0,0,0,0,0,0,0,0,0,0,0,0,0,0,0,0,0,0,0,0,0
g__Limnius,0,5.79,0,0,0,0,0,0,0,0,0,0,0,0,0,0,0,0,0,0,0,10.461,0,0,0,0,0,0,0,0,0,0,0,0,0,0,0,0,0,0,0,0,0,0,0,0,0,0,0,0,0,0,0,0,0,0,0,0,0,0,0,0,0,0,0,0,0,0,0,0,0,0,0,0,0,0,0,0,0,0,0,0,0,0,0,0,0,0,0,0,0,0,0,0,0,40.514,0,0,0,0,0,0,0,0,0,63.489,0,0,0,0,0,0,0,0,0,0,0,0,0,0,0,0,0,0,0,0,0,0,0,0,0,0,0,0,0,0,0,0,0,0,0,0,0,0,0,0,0,0,0,0,0,0,0,0,0,0,0,0,0,0,0,0,0,0,0,0,0,0,0,0,0,0,0,0,0,0,0,0,0,0,0,0,0,0,0,0,0,0,0,0,0,0,0,0,0,0,0,0,0,0,0,0,0,0,0,0,0,0,0,0,0,0,0,0,0
g__Limnodrilus,0,0,0,0,0,0,0,0,0,0,0,0,0,0,0,0,0,0,0,0,0,0,0,0,0,0,0,0,0,0,0,0,0,0,0,0,0,0,0,0,0,0,0,0,0,0,0,0,0,0,0,0,16.088,0,0,0,0,0,0,0,0,0,0,0,0,0,0,27.183,0,0,69.043,0,0,0,0,0,25.669,0,0,0,0,0,55.2,0,0,0,0,0,14.851,0,0,0,0,0,0,0,0,0,0,0,0,0,0,0,0,0,0,0,0,0,0,0,0,0,0,0,0,0,0,0,0,0,0,0,0,0,0,0,0,0,0,0,0,0,0,10.249,0,0,0,0,0,0,0,0,0,0,0,0,0,0,0,0,0,0,0,0,18.023,0,0,0,0,0,0,0,0,0,0,0,0,0,0,0,0,0,0,0,0,0,0,0,0,0,0,0,0,0,0,0,0,0,0,0,0,0,0,0,0,0,0,0,0,0,0,0,0,0,0,0,0,0,0,0,0,0,0
g__Limnophyes,0,0,0,0,0,0,0,0,0,0,0,0,0,0,0,0,0,0,0,0,0,0,0,0,0,0,0,0,0,0,0,0,0,0,0,0,0,0,0,0,0,0,0,0,0,0,0,0,0,0,0,0,0,0,0,0,0,0,0,0,0,0,0,0,0,0,0,0,0,0,0,0,0,0,0,0,0,0,0,0,0,0,0,0,0,0,0,0,0,0,0,0,0,0,0,0,0,0,41.185,0,0,0,0,0,0,0,0,0,0,0,0,0,0,0,0,0,0,0,0,0,0,0,0,0,0,0,0,0,0,0,0,0,0,0,0,0,0,0,0,0,0,0,0,0,0,0,0,0,0,0,0,0,0,0,0,0,0,0,0,0,0,0,0,0,0,0,0,0,0,0,0,0,0,0,0,0,0,0,0,0,0,0,0,0,0,0,0,0,0,0,0,0,0,0,0,0,0,0,0,0,0,0,0,0,0,0,0,0,0,0,0,0,0,0,0
g__Lumbricillus,0,0,0,0,0,0,0,0,0,0,0,0,0,0,0,0,0,0,0,0,0,0,0,0,0,0,0,0,0,0,0,0,0,0,0,0,0,0,0,0,0,0,0,0,0,0,0,0,0,0,0,0,0,0,0,0,0,0,0,0,0,0,0,0,0,0,0,0,0,0,0,0,0,0,0,0,0,0,0,0,0,0,0,0,0,0,0,0,0,0,0,0,0,0,0,0,0,0,0,0,0,0,0,0,0,0,0,0,0,0,0,0,0,0,0,0,0,0,0,0,0,0,0,0,0,0,0,0,0,0,0,0,0,0,0,0,0,0,0,0,0,0,0,0,0,0,0,0,0,0,0,0,0,0,0,0,0,0,64.545,0,0,0,0,0,0,0,0,0,0,0,0,0,0,0,0,0,0,0,0,0,0,0,0,0,0,0,0,0,24.149,0,0,0,0,0,0,0,0,0,0,0,0,0,0,0,0,0,0,0,0,0,0,0,0,0,0
g__Melampophylax,0,0,0,0,0,0,0,0,0,0,0,0,109.145,0,0,1.113,0,0,0,0,0,56.461,0,0,0,0,0,7.315,0,0,0,0,8.724,0,0,0,121.919,0,0,0,0,0,0,0,0,0,0,0,0,0,0,0,0,16.234,0,0,0,0,0,0,0,0,0,0,0,0,0,0.183,0,0,0,0,0,0,0,0,0,0,0,0,3.049,0,0,0,9.415,0,0,0,0,0,0,0,0,0,0,0,0,0,0,0,0,0,0,0,0,0,0,0,0,0,0,0,0,0,0,0,0,0,0,0,0,0,0,0,0,0,0,0,3.793,0,0,0,0,0,19.749,0,0,0,0,0,0,0,0,0,8.557,5.756,112.928,0,0,0,0,0,65.507,54.25,0,0,0,0,0,0,0,60.154,0,0,0,0,0,0,0,0,0,0,0,0,0,0,0,0,52.326,29.592,0,0,0,0,0,0,0,0,0,0,0,0,0,0,0,0,0,0,0,0,0,0,0,0,0,0,0,0,0,0.009,0,0,0,0,0
g__Micropsectra,0,0,0,0,0,0,0,0,0,0,0,0,0,0,0,0,0,0,0,13.81,0,0,0,0,0,0,0,0,0,0,0,0,0,0,0,0,0,0,0,0,0,0,0,28.384,0,0,0,0,0,0.079,0,0,0,0,0,0,0,0,0,0,0,0,0,0,0,0,0,0,0,0,0,0,0,0,0,0,0,0,0,0,0,0,0,0,0,0,0,0,0,0,0,0,0,0,0,0,0,0,0,0,0,0,0,0,8.136,0,0,0,0,0,0,0,0,0,0,0,0,0,0,0,0,0,0,0,0,0,0,0,0,0,0,0,0,0,0,0,0,0,13.198,170.486,0,0,0,0,0,0,0,0,0,0,0,0,0,0,0,0,0,0,0,0,0,0,0,0,0,0,0.235,0,0,0,0,0,0,0,0,0,0,0,0,0,0,0,0,0,0,0,0,0,52.149,0,0,0,0,0,0,0,0,0,0,0,0,39.058,0,0,0,0,0,0,0,0,0,795.239,0,0,0
g__Nemoura,0,0,0,0,0,0,0,0,0,0,0,0,0,0,0,0,0,0,0,0,0,0,0,0,0,0,0,0,0,0,72.079,0,0.724,0,0,140.846,0,0,0,0,0,0,0,0,0,0,3.136,0,0,0,0,0,0,0,0,0,0,0,0,0,0,0,0,0,0,0,0,0,0,0,0,0,0,0,0,0,0,0,0,0,0,0,0,0,0,0,0,0,0,0,0,79.749,0,0,0,0,0,0,112.185,0,0,0,0,0,0,118.489,0,0,0,0,0,0,0,0,0,0,0,0,0,0,0,0,0,0,0,0,0,0,0,0,0,218.863,0,0,0,0,0,0,0,0,0,0,0,0,0,255.756,0,0,0,0,0,0,0,0,0,0,0,1.804,0,0,0,0,102.848,42.984,0,0,0,0,12.662,12.122,0,0,0,14.825,0,0,0,0,0,0,0,0,0,0,0,13.908,0,0,0,0,32.459,0,0,0,0,0,0,0,0,0,0,0,0,0,0,0,0,0,0,0,0,0,0,0,0
g__Ophidonais,0,0,0,0,0,0,0,0,0,0,0,0,0,0,0,0,0,0,0,0,0,0,0,0,0,21.363,0,0,0,0,0,0,0,0,0,0,0,478.827,0,0,0,0,0,0,0,0,0,0,0,0,0,0,0,0,0,0,0,0,6.721,0,0,0,0,0,0,0,0,0,0,0,0,0,0,0,0,0,1.669,0,0,0,0,0,232.2,0,0,0,0,0,67.851,0,0,0,0,0,0,0,0,0,0,0,0,0,0,0,0,0,0,0,0,0,0,0,0,0,0,0,0,0,0,0,0,0,0,0,0,0,0,0,0,0,0,0,0,0,0,0,0,0,0,0,37.4,0,0,0,0,0,0,0,0,0,0,0,0,0,0,0,0,0,0,0,0,0,0,0,5.057,0,43.235,0,0,0,0,0,0,0,0,0,0,0,0,0,0,0,0,0,0,0,0,0,0,0,0,0,0,0,0,0,0,0,0,0,13.563,0,0,0,0,26.015,4.093,0,0,0,13,0,0,0,0
g__Orthocladius,0,0,0,0,0,0,0,0,0,0,0,0,0,0,0,0,0,0,0,0,85.04,0,0,0,0,0,0,0,0,0,0,0,0,0,0,0,0,0,0,0,0,0,0,0,0,0,0,0,0,0,0,0,0,0,0,0,0,0,0,0,0,0,0,0,0,0,0,0,0,44.569,0,0,0,0,0,0,0,0,0,0,0,0,0,407.035,0,23.813,0,0,0,0.773,24.572,0,0,0,0,0,27.617,23.953,0,0,0,0,0,0,0,0,0,0,0,0,0,0,0,0,0,0,0,0,0,0,8.944,0,16.305,0,0,0,0,0,0,0,0,0,0,0,44.749,0,0,0,0,0,0,0,0,886.867,0,0,0,0,0,0,150.153,0,0,0,0,204.303,0,0,0,0,0,0,0,0,0,0,38.235,0,0,16.122,0,0,0,0,0,0,0,0,0,0,0,0,0,0,0,0,0,0,0,0,0,0,0,0,0,0,0,0,0,0,0,0,0,0,0,0,0,0,11.696,0,0,101.239,406.819,0,0
g__Paratrichocladius,0,0,0,0,0,0,0,0,0,0,0,0,0,0,0,0,0,0,0,0,0,0,0,0,0,0,0,0,0,0,0,0,0,0,0,0,0,0,0,0,0,0,0,0,0,0,0,0,0,0,0,0,0,0,0,0,0,0,0,0,0,0,0,0,0,0,0,0,0,0,0,0,0,0,0,0,0,0,0,0,0,0,0,0,0,0,0,0,0,0,0,0,0,0,0,0,0,0,0,0,0,0,0,0,0,0,0,0,0,0,0,0,0,0,0,0,0,0,0,0,0,0,0,0,0,0,463.932,0,0,0,0,0,0,0,0,0,0,0,0,0,0,0,0,0,0,0,0,0,0,0,0,0,0,0,0,0,0,0,0,0,0,0,0,0,0,0,0,0,0,0,0,0,0,0,0,0,0,0,0,0,0,0,0,0,0,0,0,0,0,0,0,0,0,0,0,0,0,0,0,0,0,0,0,0,0,0,0,0,0,0,0,0,0,0,0
g__Perla,0,0,0,0,0,0,0,0,0,0,0,0,0,0,0,0,0,0,0,0,0,51.461,0,0,0,0,0,37.315,0,0,0,0,0,0,0,0,0,0,0,0,0,0,0,0,0,0,0,0,0,0,0,0,0,0,0,0,0,0,0,0,0,0,0,0,0,0,0,0,0,0,0,0,0,0,0,0,0,0,0,0,0,0,0,0,0,0,0,0,0,0,1.572,0,0,0,0,0,0,0,0,0,0,15.845,0,0,0,0,0,0,0,0,0,0,0,0,0,0,25.644,0,0,0,0,0,0,0,0,0,0,0,5.793,0,0,29.863,0,0,0,0,0,0,0,0,0,0,0,0,0,0,0,0,0,0,0,83.213,0,0,0,0,0,0,0,0,0,0,0,0,0,0,0,0,0,0,0,0,0,0,0,0,0,0,0,0,0,0,0,0,0,54.908,0,0,0,0,0,0,0,0,0,0,75.408,0,0,24.07,0,0,0,0,0,0,0,0,32.696,0,0,0,0,0,0
g__Perlodes,0,0,0,0,0,0,0,0,0,0,0,0,0,0,0,0,0,0,0,0,0,0,0,0,0,0,0,0,0,0,0,0,0,0,0,0,0,0,0,0,0,0,0,0,0,0,0,0,0,0,0,0,0,0,7.11,0,0,0,0,0,0,0,0,0,0,0,0,0,0,0,0,0,0,0,0,0,0,0,0,0,0,0,0,0,0,0,0,0,0,0,0,0,0,0,0,0,0,0,0,0,0,0,0,0,0,0,0,0,0,0,0,0,0,0,0,0,0,0,0,0,0,0,31.305,0,0,0,0,0,0,0,0,0,0,0,62.749,6.249,0,0,0,0,0,0,0,0,0,1.756,0,0,0,0,0,0,0,0,0,0,23.023,0,0,0,0,0,42.848,130.984,0,0,0,0,37.662,217.122,0,0,0,0,0,0,0,0,59.326,0,0,0,0,0,0,0,0,0,0,0,0,0,0,0,0,0,0,0,0,0,0,0,0,0,0,0,0,0,0,0,0,0,0,0,0
g__Philopotamus,0,0,0,0,0,0,0,0,0,0,0,0,0,0,0,0,0,0,0,0,0,0,0,0,0,0,0,0,0,0,0,0,0,0,0,0,0,0,0,0,0,0,0,0,0,0,0,0,0,0,0,0,0,0,0,0,0,0,0,0,0,0,0,0,0,0,0,0,0,0,0,0,0,0,0,0,0,0,0,0,0,0,0,0,0,0,0,0,0,0,0,0,0,0,0,0,0,0,1.185,0,0,0,0,0,0,0,0,0,0,0,0,0,0,0,0,0,0,0,0,0,0,0,0,0,0,0,0,0,0,0,0,0,0,0,0,0,0,0,0,0,0,0,0,0,0,0,0,0,0,0,0,0,0,0,0,0,0,0,0,0,0,0,0,0,0,0,0,0,0,0,0,0,0,0,0,0,0,0,0,0,0,0,0,0,0,0,0,0,0,0,0,0,0,0,0,0,18.408,0,0,0,0,0,0,0,0,0,0,0,0,0,0,0,0,0,0
g__Phoxinus,508.156,0,0,0,0,0,0,0,0,0,0,0,0,0,0,0,0,0,0,0,0,0,0,0,0,842.363,0,0,0,0,0,0,29.724,768.727,0,0,0,0,33.384,2981.677,0,0,0,203.384,13.794,378.307,0,0,0,576.079,2.001,1971.168,0,0,0,0,0,3110.833,0,0,0,0,0,0,0,0,0,0,0,285.569,0,0,0,619.256,0,0,0,0,0,746.985,0,0,0,0,0,0,0,0,0,0,0,0,0,0,0,0,0,0,0,0,0,0,0,0,0,0,0,0,0,0,0,0,0,0,0,0,0,0,0,0,0,0,0,1654.941,0,0,0,0,0,807.298,0,0,0,0,0,0,641.709,0,0,0,0,0,148.136,0,0,0,0,0,2530.032,0,0,0,0,0,0,0,0,0,291.545,0,40.866,0,0,0,235.057,0,156.235,0,0,0,0,0,1626.937,0,0,0,0,916.411,0,0,0,0,0,1653.349,0,0,0,0,421.149,0,0,0,0,0,0,0,0,0,0,0,0,0,0,0,0,0,1059.093,0,0,0,0,434.239,0,0,0
g__Plumatella,7.156,0,0,0,0,0,0,18.967,0,0,0,0,0,0,0,0,0,0,0,0,0,0,0,0,0,8.363,0,0,0,0,0,0,0,0,0,0,0,6094.827,0,0,0,0,0,0,0,0,0,0,0,0,0,0,0,0,0,0,0,0,0,0,0,0,0,0,0,0,0,0,0,0,0,0,0,0,0,0,0,0,0,0,0,0,0,0,0,0,24.395,0,0,0,0,0,0,150.182,0,0,0,0,0,0,0,0,0,0,0,0,0,0,0,0,0,0,0,0,0,0,0,0,0,0,0,0,0,0,0,0,0,0,0,0,0,0,0,0,0,0,0,0,0,0,0,0,0,0,0,0,0,0,0,0,0,0,9.507,0,0,0,0,0,0,0,0,0,0,0,0,0,0,0,0,0,0,0,0,0,0,0,0,0,0,0,0,0,0,0,0,0,0,0,0,0,0,0,0,0,0,0,0,0,0,0,0,0,0,0,0,0,0,0,0,0,0,0,0,0,0
g__Polyarthra,0,0,0,0,0,0,0,0,0,0,0,0,0,0,0,0,0,0,0,0,0,0,0,0,0,0,0,0,0,0,0,0,0,0,0,0,0,0,0,0,0,0,0,0,0,0,0,0,0,0,0,0,0,0,149.11,0,0,0,0,0,0,0,0,0,0,0,0,0,0,0,0,0,0,0,0,0,0,0,0,0,0,0,0,0,0,0,0,0,0,0,0,0,0,0,0,0,0,0,0,0,0,0,0,0,0,0,0,0,0,0,0,0,0,0,0,0,0,0,0,0,0,0,0,0,0,0,0,0,0,0,0,0,0,0,0,0,0,0,0,0,0,0,0,0,0,0,0,0,0,0,0,0,0,0,0,0,0,0,0,0,0,0,0,0,0,0,0,0,0,0,0,0,0,0,0,0,0,0,0,0,0,0,0,0,0,0,0,0,0,0,0,0,0,0,0,0,0,0,0,0,0,0,0,0,0,0,0,0,0,0,0,0,0,0,0
g__Polypedilum,0,0,0,0,0,0,0,0,0,0,0,0,0,0,0,0,0,0,0,0,0,0,0,0,0,0,0,0,0,0,0,0,0,0,0,0,0,0,0,0,0,0,0,0,0,0,0,0,0,0,0,0,0,0,0,0,0,0,0,0,0,0,0,0,0,0,0,0,2.196,0,0,0,0,0,0,66.691,0,0,0,95.985,0,0,0,0,0,0,0,0,0,0,19.572,0,57.353,0,0,27.514,0,0,0,0,2.697,0,0,0,0,85.489,0,0,0,0,0,755.684,2.697,0,0,3.813,0,0,96.665,0,1.944,864.905,0,15.941,9.7,0,0,0,0,22.298,0,0,0,0,0,0,0,0,0,0,8.4,0,8.136,0,0,0,5.928,0,6.032,0,9.153,0,0,0,59.549,0,0,0,20.545,0,0,0,0,0,32.057,0,53.235,0,0,0,37.953,0,0,0,0,0,0,73.411,0,0,0,0,0,0,0,9.908,0,0,0.149,0,0,0,0,0,0,0,0,0,0,4.07,11.563,0,0,0,0,39.015,0,0,75.696,0,0,8.239,0,0,0
g__Potamophylax,0,0,0,0,0,0,0,0,0,0,0,0,46.145,0,0,0,0,0,0,0,0,0,0,0,0,0,0,0,0,0,0,0,0,0,0,0,25.919,0,0,0,0,0,11.707,0,0,0,0,0,0,0,0,0,0,0,0,0,0,0,0,0,0,0,0,0,0,0,0,0,0,0,0,0,0,0,0,0,0,0,0,0,0,0,0,0,5.415,0,0,0,20.851,0,0,0,0,0,0,0,0,0,360.185,0,0,0,0,0,4.136,0,0,0,0,0,0,0,0,18.671,0,0,0,151.238,0,0,0,0,0,0,0,0,0,0,24.793,0,0,87.863,0,0,0,310.249,0,0,0,0,0,31.052,0,0,0,0,0,18.53,0,0,0,0,0,0,0,0,0,0,0,0,0,30.154,0,0,0,0,0,0,50.662,0,0,0,0,0,0,0,0,0,0,15.592,0,0,0,0,0,0,0,0,0,0,77.459,0,0,0,0,0,0,0,0,0,0,0,0,0,0,0,0,0,0,0,0,0,0,0,0
g__Potamopyrgus,0,0,0,0,0,0,0,0,0,0,0,0,0,313.021,0,0,0,0,0,0,0,0,0,0,0,0,0,0,0,0,0,0,0,0,0,0,0,0,2.384,977.677,0,0,0,39.384,0,0,0,0,0,29.079,0,0,0,0,0,0,0,0,0,0,0,0,0,0,0,0,0,0,0,0,0,0,0,0,0,0,0,0,0,0,0,0,0,0,0,0,0,0,0,0,0,0,0,0,0,0,0,0,0,0,0,0,0,0,0,0,0,0,0,0,0,0,0,0,0,0,0,0,0,0,0,0,0,0,0,0,0,0,0,0,0,0,0,0,0,0,76.709,0,0,0,0,0,0,0,0,0,0,0,602.032,0,0,0,0,0,9.549,0,0,0,0,0,0,0,0,0,0,0,0,0,0,0,0,0,19.937,0,0,0,0,0,0,0,0,0,0,0,0,0,0,0,0,0,0,0,0,0,14.911,0,0,0,0,0,8.563,0,0,0,0,0,0,0,0,0,0,0,0,0,0
g__Potamothrix,38.156,0,0,0,0,0,0,0,0,0,0,0,0,245.021,0,0,0,0,0,0,0,0,0,0,0,0,0,0,0,0,0,0,0,0,0,0,0,0,0,0,0,0,0,0,0,0,0,0,0,0,0,0,0,0,0,0,0,0,0,0,0,0,0,0,0,0,0,0,0,0,0,0,0,0,0,0,0,0,0,0,0,0,0,0,0,0,0,0,0,0,0,0,0,0,0,0,0,0,0,0,0,0,0,0,0,167.489,0,0,0,0,0,0,0,0,0,0,0,0,0,0,0,0,0,0,0,0,0,0,0,0,0,0,0,0,0,0,0,0,0,0,0,0,0,0,0,0,0,0,0,0,0,0,0,0,0,0,0,0,0,0,0,0,0,0,0,0,0,0,0,0,0,0,0,0,0,0,0,0,0,0,0,0,0,0,0,0,0,0,0,0,0,0,0,0,0,0,0,0,0,0,0,0,0,0,0,0,0,0,0,0,0,0,0,0,0
g__Pristina,0,0,238.546,267.102,0,0,0,9.967,83.003,4.995,0,0,0,0,0,0,19.514,41.097,0,0,0,0,0,0,64.661,0,316.424,0,15.273,0,0,0,97.724,0,0,0,0,8832.827,0,0,15.005,0,0,0,0,0,0,0,0,0,0,0,0,0,0,0,0,0,0,0,0,0,0,0,0,0,0,0,0,0,0,0,0,0,0,105.691,241.669,0,124.205,0,0,0,0,0,0,0,110.395,434.143,0,0,0,0,0,19.182,0,0,0,0,0,0,0,46.845,5812.586,16.77,0,0,0,12.944,0,0,0,0,0,359.671,0,0,0,0,0,0,0,0,0,0,0,0,8.932,0,0,0,14.163,0,0,0,0,264.249,2.709,0,298.198,0,0,203.052,0,0,0,0,263.928,54.53,7.032,0,239.153,245.213,0,0,0,0,0,0,0,0,0,0,166.848,0,0,6.47,0,0,0,0,18.953,0,0,0,136.874,0,0,0,0,0,0,0,13.895,0,0,146.908,0,0,0,5.924,0,0,0,0,0,0,0,0,0,0,0,0,0,0,0,19.015,0,0,0,0,0,0,0,0,0
g__Prodiamesa,0,0,0,0,0,0,0,0,0,67.995,0,0,0,0,0,0,0,0,0,0,0,0,0,0,0,0,0,0,0,0.993,0,0,0,0,0,0,0,0,0,0,0,0,0,0,0,0,0,0,0,0,0,0,0,0,0,0,0,0,0,0,0,0,0,0,0,0,0,0,0,0,0,0,0,0,0,0,0,0,0,0,0,0,0,0,0,0,0,0,0,0,0,0,0,0,0,0,0,0,0,0,0,0,0,0,0,0,0,0,0,0,0,0,0,0,0,0,0,0,0,0,0,0,0,0,0,0,0,0,0,0,0,0,0,0,0,0,0,0,0,0,0,0,0,0,0,0,0,0,0,0,0,0,0,0,0,0,0,0,0,0,0,0,0,0,0,0,0,0,0,0,0,0,0,0,0,0,0,0,0,0,0,0,0,0,0,0,0,0,0,0,0,0,0,0,0,0,0,0,0,0,0,0,0,0,0,0,0,0,0,0,0,0,0,0,0
g__Prosimulium,0,0,0,0,0,0,0,0,0,0,0,0,0,0,0,0,0,0,0,0,0,18.461,0,0,0,0,0,0,0,0,0,0,0,0,0,0,0,0,0,0,0,0,0,0,0,0,0,0,0,0,0,0,0,0,0,0,0,0,0,0,0,0,0,0,0,0,0,0,0,0,0,0,0,0,0,0,0,0,0,0,0,0,0,0,0,0,0,0,0,0,0,0,0,0,135.125,0,9.617,0,0,0,0,0,0,0,0,0,0,227.944,0,6.162,493.318,0,0,0,0,0,0,0,0,259.787,0,3.905,101.305,0,0,0,0,0,0,0,0,1201.863,0,0,200.749,0,0,0,0,0,0,0,0,0,2049.557,14.756,0,0,0,0,0,0,0,0,0,249.303,23.023,12372.804,0,0,0,0,0,0,0,0,0,0,67.662,0,0,0,0,0,0,0,6.29,0,0,2055.592,0,0,0,0,0,0,0,0,0,0,0,0,0,0,0,0,0,0,0,32.07,0,0,2231.432,0,0,0,0,0,0,0,0,61.239,51.819,0,0
g__Protonemura,0,0,0,0,0,0,0,0,0,0,0,0,0,0,0,0,0,0,0,0,0,0,0,0,0,0,0,0,0,0,0,0,0,0,0,0,0,0,0,0,0,0,0,0,0,0,0,0,0,0,0,0,0,0,0,0,0,0,0,47.288,0,0,0,0,0,0,0,0,0,0,0,0,0,0,0,0,0,0,0,0,0,55.034,0,0,0,0,0,0,0,0,0,3.749,0,1.182,109.125,0,0,0,610.185,0,0,0,0,0,0,0,57.066,21.944,0,173.162,213.318,0,0,0,0,0,0,5.238,0,5.787,0,16.905,135.305,0,0,21.162,0,0,0,0,0,48.863,0,0,0,92.249,0,0,40.198,5.486,0,199.052,0,0,160.557,263.756,0,6.53,0,0,0,0,0,0,0,17.303,5.023,50.804,0,0,0,0,116.848,629.984,0,23.47,0,0,1344.662,6.122,0,0,0,0,0,0,0,0,0,140.592,0,0,0,0,0,7.908,0,0,0,0,0,0,0,0,0,0,0,0,0,0,0,0,25.432,0,0,0,0,0,5.696,0,0,0,0,3.076,0
g__Rhithrogena,0,0,0,0,735.284,0,0,0,0,0,0,0,0,0,114.521,57.113,0,0,0,0,180.04,104.461,10.128,105.688,14.661,0,0,334.315,0,0,0,0,0,0,33.731,0,337.919,0,9.384,0,0,3.316,1270.707,0,0,0,0,0,0,0,0,0,2.088,1.234,6.11,0,0,0,0,0,0,0,0,0,0,62.171,0,4.183,0,16.569,47.043,0,0,0,0,0,0,7.511,0,0,8.049,109.034,0,49.035,180.415,0,0,1295.143,0,1.773,140.572,0,0,0,184.125,0,152.617,0,0,0,0,9.845,0,0,94.136,0,264.066,210.944,0,188.162,50.318,0,14.697,50.671,0,7.813,0,0,9.665,240.787,278.944,0,164.305,0,0,178.162,0,0,77.793,0,39.163,26.863,0,262.689,0,0,0,15.794,0,1.486,0,91.052,103.136,626.867,146.557,45.756,19.928,0,0,40.011,83.153,249.213,14.507,102.25,0,451.303,1690.023,70.804,0,0,0,27.154,0,1328.984,0,66.47,242.235,291.104,484.662,105.122,0,0,0,0,0,0,95.29,1.411,2537.326,482.592,0,0,0,0,0,135.908,15.88,56.962,18.149,46.924,0,41.311,0,0,0,0,87.408,0,0,29.07,0,0,259.432,0,0,0,0,0,237.696,260.009,0,129.239,529.819,57.076,0
g__Rhyacophila,0,0,0,0,0,0,0,0,0,0,0,0,0,0,0,0,0,0,0,0,0,0,0,0,0,0,0,0,0,0,0,0,0,0,0,17.846,0,0,0,0,0,0,0,0,0,0,0,0,0,0,0,0,0,0,0,0,0,0,0,0,0,0,0,0,0,0,0,0,0,0,0,0,0,0,0,0,0,0,0,0,0,0,0,0,0,0,0,0,0,0,0,0,0,0,0,0,0,0,0,0,0,0,0,0,0,0,0,0,0,0,0,0,0,0,0,0,0,0,0,0,0,0,0,0,0,0,0,0,0,0,0,0,0,0,0,0,0,0,0,0,0,0,0,0,0,0,0,0,0,0,0,0,0,0,0,0,0,0,0,0,0,0,0,0,0,0,0,0,0,0,0,0,0,0,0,0,0,0,0,0,0,0,0,0,0,0,0,0,0,0,0,0,0,0,0,0,0,0,0,0,0,0,0,0,0,0,0,0,0,0,0,0,2.819,0,0
g__Riolus,0,30.79,0,0,0,0,0,0,0,0,0,0,0,0,0,0,0,0,0,0,0,0,0,0,0,0,0,0,0,0,0,0,0,0,0,0,0,0,0,0,0,0,0,0,0,0,0,0,0,0,0,0,0,0,0,0,0,0,0,0,0,0,0,0,0,0,0,0,0,0,0,0,0,0,0,1.691,0,0,0,0,0,0,0,0,0,0,0,0,0,0,0,0,0,0,0,0,0,0,0,0,0,0,0,0,0,0,0,0,0,0,0,0,0,0,0,0,0,0,0,0,0,0,0,0,0,87.162,0,0.993,0,0,0,0,0,13.689,0,0,0,0,188.198,0,0,0,0,0,0,0,0,0,0,0,0,0,0,0,0,0,0,0,0,0,0,0,0,0,0,0,0,0,0,0,0,0,0,0,8.874,0,0,0,0,0,0,0,0,0,0,7.908,0,0,0,0,0,0,0,0,0,0,0,0,0,0,0,0,0,0,0,0,0,0,27.696,0,0,0,0,0,0
g__Salmo,353.156,3539.79,3739.546,1113.102,292.284,1110.606,896.863,0,4143.003,2662.995,95.486,280.794,0,2524.021,8254.521,572.113,1528.514,617.097,416.31,2473.81,34.04,534.461,985.128,1152.688,1066.661,308.363,1331.424,1811.315,5328.273,1488.993,3242.079,0,2.724,0,869.731,7.846,873.919,82386.827,1264.384,446.677,488.005,455.316,1692.707,157.384,491.794,0,644.136,1286.056,529.068,12.079,528.001,376.168,1.088,149.234,98.11,1087.833,3.929,0,517.721,0,1058.738,524.321,327.784,119.411,727.54,3551.171,1887.702,2955.183,642.196,400.569,47.043,511.971,0,74.256,2632.198,6353.691,458.669,197.511,4483.205,360.985,159.049,1713.034,1353.2,1090.035,903.415,3361.813,0,1368.143,3226.851,121.773,1544.572,0,2669.353,0,591.125,110.514,563.617,16.953,0,2439.573,3209.697,2105.845,459573.586,475.77,4256.136,2266.489,2581.066,645.944,205.54,1255.162,631.318,1885.684,0,143.671,40.156,2335.813,662.644,2224.238,77.665,196.787,230.944,554.905,673.305,365.941,223.7,388.162,3055.932,0,2815.793,155.298,327.163,764.863,1321.476,1672.689,2604.749,0,0,734.794,2680.198,387.486,2678.4,0,74.136,2639.867,1545.557,0,2436.928,3437.53,1848.032,1307.011,280.153,2391.213,341.507,1973.25,597.549,930.303,1002.023,334.804,320.545,898.592,0,1119.154,6254.848,8792.984,601.057,631.47,222.235,950.104,1017.662,926.122,945.953,28.753,0,566.825,2378.874,425.814,1940.29,192.411,1057.326,1422.592,0,21.881,280.895,0,20.528,4561.908,2480.88,1438.962,756.149,69.924,0,261.311,117.65,90.785,7109.911,199.514,3796.408,558.954,1042.495,193.07,2260.563,462.058,564.432,199.103,0,3336.015,29.093,335.897,1601.696,1240.009,225,102.239,1742.819,856.076,110.842
g__Scardinius,0,0,0,0,0,0,0,14.967,0,0,0,0,0,0,0,0,0,0,0,0,0,0,0,0,0,0,0,0,0,0,0,0,0,0,0,0,0,0,0,0,0,0,0,0,0,0,0,0,0,0,0,0,0,0,0,0,0,0,0,0,0,0,0,0,0,0,0,0,0,0,0,0,0,0,0,0,0,0,0,0,0,0,17.2,0,0,0,0,0,0,0,0,0,0,35.182,0,0,0,0,0,0,0,0,0,0,0,0,0,0,0,0,0,0,0,0,0,0,0,0,0,0,0,0,0,0,0,0,0,0,0,0,0,0,0,0,0,0,0,0,0,0,0,0,0,0,0,0,0,0,0,0,0,0,0,0,0,0,0,0,0,0,0,0,0,0,0,0,0,0,0,0,0,0,0,0,0,0,0,0,0,0,0,0,0,0,0,0,0,0,0,0,0,0,0,0,0,0,0,0,0,0,0,0,0,0,0,0,0,0,0,0,0,0,0,0,0
g__Sericostoma,0,0,0,0,0,0,0,0,0,0,0,0,0,0,0,0,0,0,0,0,0,0,0,0,0,0,0,0,0,0,0,0,0,0,0,0,0,0,39.384,0,0,0,0,0,0,0,0,0,0,0,0,0,0,0,0,0,0,0,0,0,0,0,0,0,0,0,0,0,0,0,0,0,0,0,0,0,0,0,0,0,0,0,0,0,0,0,0,0,0,0,0,0,0,0,0,0,0,0,0,0,0,0,0,0,0,0,0,0,0,0,0,0,0,0,0,0,0,0.238,0,0,0,0,0,0,0,0,0,0,0,0,0,0,0,0,0,0,0,0,0,0,0,0,0,0,34.557,0,0,0,0,0,0,0,0,0,0,0,0,0,0,0,0,0,0,0,0,0,0,0,42.662,0,0,0,0,0,0,0,0,0,0,0,0,0,0,0,0,0,0,0,0,0,38.459,0,0,0,0,0,0,0,0,0,0,0,0,0,0,0,0,0,0,32.009,0,0,0,0,0
g__Serratella,0,0,0,0,0,0,0,0,0,0,0,0,0,0,0,0,0,0,0,0,0,0,0,0,0,0,0,0,0,0,0,0,0,0,0,0,0,0,0,0,0,0,0,0,0,0,0,0,0,0,0,0,0,0,0,0,0,0,0,0,0,0,0,0,0,0,0,0,0,0,0,0,0,0,0,0,0,0,0,0,0,0,0,0,0,0,0,0,0,0,0,0,0,0,0,0,0,0,0,0,0,0,0,0,0,0,0,0,0,0,0,0,0,0,0,0,16.644,0,0,0,0,0,0,0,0,0,0,0,0,0,0,0,0,0,0,0,0,0,0,0,0,0,0,0,0,0,0,0,0,0,0,0,0,0,0,0,74.023,0,0,0,0,0,0,0,0,0,0,0,0,0,0,0,0,0,0,0,0,0,0,0,0,0,0,0,0,0,0,0,0,0,0,0,0,0,0,0,0,0,16.495,0,0,0,0,0,0,0,0,0,0,0,0,0,0,0,0
g__Simulium,0,38.79,152.546,6417.102,0,26.606,41.863,5.967,29.003,620.995,0,0,0,0,368.521,0,1032.514,0,0,80.81,0,0,0,0,0,43.363,0,0,0,0,0,0,0,0,0,0,0,0,0,5.677,0,0,0,0,0,0,0,0,0,0,0,0,0,0,0,89.833,0,0,0,0,0,10.321,3.784,199.411,0,0,19.702,71.183,198.196,0,1.043,0,0,0,18.198,183.691,5.669,0,0,40.985,0,0,269.2,0,0,0,0,0,7.851,0,0,0,8021.353,0,18.125,430.514,510.617,21.953,0,0,3283.697,0,3105360.586,0,0,229.489,0,27.944,8526.54,0,0,40.684,0,0,0,89.813,0,264.238,0,26.787,504.944,0,378.305,0.941,0,0,0,0,0,53.298,0,41.863,0,0,0,0,0,31.794,0,0,6.4,0,0,5.867,0,0,125.928,0,0,0,79.153,0,229.507,0,214.549,0,1539.023,0,0,0,0,0,0,40.984,4.057,0,16.235,0,0,0.122,14.953,0,0,0,0,19821.814,0,61.411,0,420.592,0,0,0.895,0,0,0,0,0,62.149,59.924,0,0,0,0,19.911,0,0,0,548.495,27.07,427.563,0,0,13397.103,0,93.015,0,0,0,0,0,110.239,1416.819,602.076,8.842
g__Squalius,0,0,0,0,0,0,0,0,0,0,0,0,0,0,0,0,0,0,0,0,0,0,2.128,0,0,0,0,0,0,0,0,0,0,0,0,0,0,0,0,0,0,0,0,0,0,0,0,0,0,0,0,0,0,0,0,0,0,7.833,0,0,0,0,0,0,0,0,0,0,0,0,0,0,0,0,0,0,0,0,0,0,0,0,0,0,0,0,0,0,0,0,0,0,0,0,0,0,0,0,0,0,0,0,0,0,0,0,0,0,0,0,0,0,0,0,0,0,0,0,0,0,0,0,0,0,0,0,0,0,0,0,0,0,0,0,0,0,0,0,0,0,0,0,0,0,0,0,0,0,0,0,0,0,0,0,0,0,0,0,0,0,0,0,0,0,0,0,0,0,0,0,0,0,0,0,0,0,0,0,0,0,0,0,0,0,0,0,0,0,0,0,0,0,0,0,0,0,0,0,0,0,0,0,0,0,0,0,0,0,0,0,0,0,0,0,0
g__Stenostomum,0.156,0,0,0,0,0,0,0,0,0,0,0,0,0,0,0,0,0,0,0,0,0,0,0,0,0,0,0,0,0,0,0,0,0,0,0,0,0,0,0,0,0,0,0,0,92.307,0,0,0,0,0,0,0,0,0,0,0,0,0,0,0,0,0,0,0,0,0,0,0,0,0,0,0,0,0,0,0,0,0,0,0,0,0,0,0,0,0,0,0,0,0,0,0,0,0,0,0,0,0,0,0,0,0,0,0,0,0,0,0,0,0,0,0,0,0,0,0,0,0,0,0,0,0,0,0,0,0,0,0,290.298,0,0,0,0,0,0,0,0,0,0,0,0,0,0,0,0,0,0,0,0,0,0,0,0,0,0,0,0,0,0,0,0,0,0,0,0,0,0,0,0,0,0,0,0,0,0,0,0,0,0,0,0,0,0,0,0,0,0,0,0,0,0,0,0,0,0,0,0,0,0,0,0,0,0,0,0,0,0,0,0,0,0,0,0,0
g__Stylodrilus,0,0,0,0,0,0,0,0,0,0,0,0,0,0,0,0,0,1.097,0,0,0,0,0,0,0,0,0,0,0,0,0,0,0,0,0,0,0,0,0,0,0,0,0,0,0,0,0,0,0,0,0,0,0,0,0,0,0,0,0,0,0,0,0,0,0,0,0,0,0,0,0,0,0,0,0,0,0,0,0,0,0,0,0,0,0,0,0,0,0,0,0,0,0,0,0,0,0,0,0,0,0,0,0,0,0,0,0,0,0,0,0,0,0,0,0,0,0,0,0,0,0,0,0,0,0,0,0,0,0,0,0,0,0,0,0,0,0,0,0,0,0,0,0,0,0,0,0,0,0,0,0,0,0,0,0,0,0,0,0,0,0,0,0,0,0,0,0,0,0,0,0,0,0,0,0,0,0,0,0,0,0,0,0,0,0,0,0,0,0,0,0,0,0,0,0,0,0,0,0,0,0,0,0,0,0,0,0,0,0,0,0,0,0,0,0
g__Takobia,0,0,0,0,0,0,0,0,0,0,0,0,0,0,0,0,0,0,0,0,0,0,0,0,0,0,0,0,0,0,0,0,224.724,0,0,0,0.919,0,0,0,0,0,0,0,0,0,0,0,0,0,0,0,0,0,0,0,0,0,0,0,0,0,0,0,0,0,0,0,0,0,0,0,0,0,0,0,0,0,0,0,0,0,0,0,45.415,0,0,0,0,0,0,0,0,0,8.125,12.514,0,0,56.185,0,0,0,0,0,0,0,1.066,0,0,0.162,10.318,0,0,0,0,0,0,0,0,0,0,0,0,0,0,0,0,0,0,0,0,0,0,0,0,304.249,0,0,19.198,0,0,108.052,0,0,0,0,0,0,0,0,0,0.213,0,0,0,13.303,0,0,0,0,0,0,0,0,0,0,0,7.104,218.662,0,0,0,0,0,0,0,0,0,21.326,0,0,0,0,0,0,20.908,0,0,0,0,0,0,0,0,0,0,0,0,0,0,0,0,6.432,0,0,0,0,0,0,0,0,0,0,0,0
g__Tanytarsus,0,0,0,0,0,0,3.863,0,0,0,0,0,0,0,0,0,0,0,0,0,0,0,0,0,0,0,0,0,0,0,0,0,0,0,0,0,0,0,0,0,0,0,0,0,0,0,0,0,0,0,0,0,0,0,0,0,0,0,0,0,0,0,0,0,0,0,0,0,0,0,0,0,0,0,0,0,0,0,0,0,0,0,0,0,0,0,0,0,0,19.773,0,0,0,0,0,0,0,0,0,0,0,0,0,0,0,0,0,0,0,0,0,0,26.697,0,20.156,0,0,0,0,0,0,0,0,0,0,0,0,0,0,0,0,0,0,0,0,0,55.709,0,0,0,0,0,0,0,0,0,0,0,0,0,0,0,0,0,0,0,0,0,0,0,65.866,0,0,0,0,0,0,0,0,0,0,0,15.937,0,0,0,0,0,0,0,0,0,0,12.349,0,0,0,0,0,0,0,0,0,0,0,0,0,0,0,0,0,0,0,0,0,0,0,0,0,0,0,0,0,0,0
g__Thermocyclops,0,0,0,0,0,0,0,0,0,0,0,0,0,0,0,0,0,0,0,0,0,0,0,0,0,0,0,0,0,0,0,2612.542,103.724,0,0,0,0,0,0,0,0,0,0,0,0,0,0,0,0,0,0,0,0,0,0,0,0,0,0,0,0,0,0,0,0,0,0,0,0,0,0,0,0,0,0,0,0,0,0,0,0,0,0,0,0,0,0,0,0,0,0,0,0,0,0,0,0,0,0,0,0,0,0,0,0,0,0,0,0,0,0,0,0,0,0,0,0,0,0,0,0,0,0,0,0,0,0,0,0,0,0,0,0,0,0,0,0,0,0,0,0,0,0,0,0,0,0,0,0,0,0,0,0,0,0,0,0,0,0,0,0,0,0,0,0,0,0,0,0,0,197.953,0,0,0,0,0,0,0,0,0,0,0,0,0,0,0,0,0,0,0,0,0,0,0,0,0,0,0,0,0,0,0,0,0,0,0,0,0,0,0,0,0,0,0,0
g__Tvetenia,0,0,0,0,0,0,0,0,0,0,0,0,0,0,0,0,0,0,0,0,0,0,0,0,0,0,0,0,0,0,0,0,0,0,0,0,0,0,0,0,0,0,0,0,0,0,0,0,0,0,0,0,0,0,0,0,0,0,0,0,0,0,0,0,0,0,0,0,0,0,0,0,0,0,0,0,0,0,0,0,0,0,0,0,0,0,0,27.143,0,4.773,0,0,19.353,0,0,1.514,0,0,0,0,0,0,0,0,0,0,0,0,0,0,0,0,0,0,0,0,0,0,0,0,0,0,0,0,0,0,0,0,0,0,0,0,0,0,0,0,0,0,0,0,0,0,0,0,0,0,0,0.53,0,0,0,0,0,0,0,0,0,0,0,0,0,210.154,0,0,0,0,0,0,0,0,0,0,0,0,0,0,345.29,0,0,0,0,0,0,0,0,0,0,0,0,0,0,0,0,0,0,0,0,0,0,0,0,0,0,0,0,0,0,0,0,0,0,0,0,0,0